fixed_acidity,volatile_acidity,citric_acid,residual_sugar,chlorides,free_sulfur_dioxide,total_sulfur_dioxide,density,ph,sulphates,alcohol,type
6.1,0.41,0.04,1.3,0.036,23.0,121.0,0.99228,3.24,0.61,9.9,white
5.5,0.16,0.31,1.2,0.026,31.0,68.0,0.9898,3.33,0.44,11.6333333333333,white
7.9,1.04,0.05,2.2,0.084,13.0,29.0,0.9959,3.22,0.55,9.9,red
7.5,0.4,0.12,3.0,0.092,29.0,53.0,0.9967,3.37,0.7,10.3,red
6.8,0.17,0.74,2.4,0.053,61.0,182.0,0.9953,3.63,0.76,10.5,white
7.2,0.38,0.31,2.0,0.056,15.0,29.0,0.99472,3.23,0.76,11.3,red
7.5,0.58,0.03,4.1,0.08,27.0,46.0,0.99592,3.02,0.47,9.2,red
7.1,0.17,0.31,1.6,0.037,15.0,103.0,0.991,3.14,0.5,12.0,white
8.0,0.83,0.27,2.0,0.08,11.0,63.0,0.99652,3.29,0.48,9.8,red
6.1,0.28,0.3,7.75,0.031,33.0,139.0,0.99296,3.22,0.46,11.0,white
7.4,0.155,0.34,2.3,0.045,73.5,214.0,0.9934,3.18,0.61,9.9,white
7.5,0.17,0.34,1.4,0.035,13.0,102.0,0.9918,3.05,0.74,11.0,white
7.1,0.29,0.49,1.2,0.031,32.0,99.0,0.9893,3.07,0.33,12.2,white
5.3,0.715,0.19,1.5,0.161,7.0,62.0,0.99395,3.62,0.61,11.0,red
9.3,0.49,0.36,1.7,0.081,3.0,14.0,0.99702,3.27,0.78,10.9,red
6.7,0.2,0.3,1.4,0.025,17.0,76.0,0.99104,3.11,0.44,11.0,white
8.0,0.5,0.39,2.6,0.082,12.0,46.0,0.9985,3.43,0.62,10.7,red
6.9,0.28,0.41,1.7,0.05,10.0,136.0,0.993,3.16,0.71,11.4,white
15.0,0.21,0.44,2.2,0.075,10.0,24.0,1.00005,3.07,0.84,9.2,red
8.1,0.38,0.28,2.1,0.066,13.0,30.0,0.9968,3.23,0.73,9.7,red
7.2,0.39,0.32,1.8,0.065,34.0,60.0,0.99714,3.46,0.78,9.9,red
5.6,0.915,0.0,2.1,0.041,17.0,78.0,0.99346,3.68,0.73,11.4,red
8.1,0.725,0.22,2.2,0.072,11.0,41.0,0.9967,3.36,0.55,9.1,red
8.7,0.7,0.24,2.5,0.226,5.0,15.0,0.9991,3.32,0.6,9.0,red
6.6,0.32,0.47,15.6,0.063,27.0,173.0,0.99872,3.18,0.56,9.0,white
7.0,0.29,0.33,0.9,0.041,20.0,117.0,0.99048,3.21,0.5,11.4,white
5.6,0.25,0.26,3.6,0.037,18.0,115.0,0.9904,3.42,0.5,12.6,white
8.2,0.28,0.6,3.0,0.104,10.0,22.0,0.99828,3.39,0.68,10.6,red
6.7,0.48,0.08,2.1,0.064,18.0,34.0,0.99552,3.33,0.64,9.7,red
8.4,0.34,0.42,2.1,0.072,23.0,36.0,0.99392,3.11,0.78,12.4,red
8.9,0.22,0.48,1.8,0.077,29.0,60.0,0.9968,3.39,0.53,9.4,red
6.7,1.04,0.08,2.3,0.067,19.0,32.0,0.99648,3.52,0.57,11.0,red
6.2,0.27,0.32,8.8,0.047,65.0,224.0,0.9961,3.17,0.47,8.9,white
8.9,0.4,0.32,5.6,0.087,10.0,47.0,0.9991,3.38,0.77,10.5,red
9.9,0.72,0.55,1.7,0.136,24.0,52.0,0.99752,3.35,0.94,10.0,red
9.9,0.54,0.26,2.0,0.111,7.0,60.0,0.99709,2.94,0.98,10.2,red
8.9,0.35,0.4,3.6,0.11,12.0,24.0,0.99549,3.23,0.7,12.0,red
7.2,0.39,0.44,2.6,0.066,22.0,48.0,0.99494,3.3,0.84,11.5,red
8.5,0.66,0.2,2.1,0.097,23.0,113.0,0.99733,3.13,0.48,9.2,red
6.7,0.21,0.34,1.5,0.035,45.0,123.0,0.98949,3.24,0.36,12.6,white
7.3,0.51,0.29,11.3,0.034,61.0,224.0,0.99683,3.14,0.56,9.5,white
6.3,0.17,0.32,1.0,0.04,39.0,118.0,0.98886,3.31,0.4,13.1,white
7.0,0.54,0.09,2.0,0.081,10.0,16.0,0.99479,3.43,0.59,11.5,red
7.6,0.31,0.23,12.7,0.054,20.0,139.0,0.99836,3.16,0.5,9.7,white
9.6,0.42,0.35,2.1,0.083,17.0,38.0,0.99622,3.23,0.66,11.1,red
6.2,0.37,0.24,6.1,0.032,19.0,86.0,0.98934,3.04,0.26,13.4,white
7.8,0.13,0.3,1.8,0.04,43.0,179.0,0.9955,3.43,0.41,9.0,white
7.0,0.5,0.14,1.8,0.078,10.0,23.0,0.99636,3.53,0.61,10.4,red
6.4,0.17,0.34,1.5,0.091,42.0,135.0,0.9938,3.25,0.49,9.6,white
7.0,0.12,0.32,7.2,0.058,22.0,89.0,0.9966,3.29,0.38,9.2,white
6.3,0.18,0.22,5.6,0.047,45.0,147.0,0.99383,3.09,0.54,10.0,white
7.4,0.33,0.26,15.6,0.049,67.0,210.0,0.99907,3.06,0.68,9.5,white
7.6,0.54,0.02,1.7,0.085,17.0,31.0,0.99589,3.37,0.51,10.4,red
6.2,0.33,0.41,16.8,0.037,58.0,173.0,0.99882,3.25,0.57,9.4,white
7.3,0.4,0.28,6.5,0.037,26.0,97.0,0.99148,3.16,0.58,12.6,white
7.0,0.23,0.26,7.2,0.041,21.0,90.0,0.99509,3.22,0.55,9.5,white
6.6,0.33,0.32,15.6,0.054,62.0,227.0,0.99734,3.25,0.56,10.4,white
9.9,0.54,0.45,2.3,0.071,16.0,40.0,0.9991,3.39,0.62,9.4,red
6.9,0.2,0.28,1.2,0.048,36.0,159.0,0.9936,3.19,0.43,9.1,white
7.5,0.32,0.49,1.7,0.031,44.0,109.0,0.9906,3.07,0.46,12.5,white
6.1,0.15,0.35,15.8,0.042,55.0,158.0,0.99642,3.24,0.37,10.6,white
7.2,0.52,0.07,1.4,0.074,5.0,20.0,0.9973,3.32,0.81,9.6,red
7.7,0.32,0.61,11.8,0.041,66.0,188.0,0.99794,3.0,0.54,9.3,white
10.1,0.935,0.22,3.4,0.105,11.0,86.0,1.001,3.43,0.64,11.3,red
6.9,0.22,0.31,6.3,0.029,41.0,131.0,0.99326,3.08,0.49,10.8,white
9.0,0.8,0.12,2.4,0.083,8.0,28.0,0.99836,3.33,0.65,10.4,red
6.8,0.16,0.36,1.3,0.034,32.0,98.0,0.99058,3.02,0.58,11.3,white
6.9,0.38,0.32,8.5,0.044,36.0,152.0,0.9932,3.38,0.35,12.0,white
6.5,0.25,0.5,7.6,0.047,54.0,184.0,0.99572,3.17,0.45,9.2,white
7.1,0.36,0.3,1.6,0.08,35.0,70.0,0.99693,3.44,0.5,9.4,red
13.7,0.415,0.68,2.9,0.085,17.0,43.0,1.0014,3.06,0.8,10.0,red
6.2,0.32,0.16,7.0,0.045,30.0,136.0,0.9949,3.18,0.47,9.6,white
5.2,0.32,0.25,1.8,0.103,13.0,50.0,0.9957,3.38,0.55,9.2,red
6.9,0.19,0.28,5.0,0.058,14.0,146.0,0.9952,3.29,0.36,9.1,white
7.8,0.43,0.32,2.8,0.08,29.0,58.0,0.9974,3.31,0.64,10.3,red
5.8,0.17,0.36,1.3,0.036,11.0,70.0,0.99202,3.43,0.68,10.4,white
7.4,0.53,0.12,1.9,0.165,4.0,12.0,0.99702,3.26,0.86,9.2,red
10.1,0.27,0.54,2.3,0.065,7.0,26.0,0.99531,3.17,0.53,12.5,red
7.6,0.35,0.6,2.6,0.073,23.0,44.0,0.99656,3.38,0.79,11.1,red
12.2,0.45,0.49,1.4,0.075,3.0,6.0,0.9969,3.13,0.63,10.4,red
6.7,0.3,0.29,2.8,0.025,37.0,107.0,0.99159,3.31,0.63,11.3,white
6.9,0.13,0.28,13.3,0.05,47.0,132.0,0.99655,3.34,0.42,10.1,white
10.8,0.89,0.3,2.6,0.132,7.0,60.0,0.99786,2.99,1.18,10.2,red
7.4,1.185,0.0,4.25,0.097,5.0,14.0,0.9966,3.63,0.54,10.7,red
8.3,0.31,0.39,2.4,0.078,17.0,43.0,0.99444,3.31,0.77,12.5,red
7.6,0.29,0.26,6.5,0.042,32.0,160.0,0.9944,3.14,0.47,10.7,white
9.5,0.55,0.66,2.3,0.387,12.0,37.0,0.9982,3.17,0.67,9.6,red
7.6,1.58,0.0,2.1,0.137,5.0,9.0,0.99476,3.5,0.4,10.9,red
8.3,0.25,0.49,16.8,0.048,50.0,228.0,1.0001,3.03,0.52,9.2,white
6.7,0.24,0.39,2.9,0.173,63.0,157.0,0.9937,3.1,0.34,9.4,white
8.0,0.38,0.06,1.8,0.078,12.0,49.0,0.99625,3.37,0.52,9.9,red
6.1,0.3,0.32,2.2,0.042,41.0,142.0,0.98952,3.31,0.44,12.7,white
5.8,0.29,0.26,1.7,0.063,3.0,11.0,0.9915,3.39,0.54,13.5,red
6.0,0.14,0.37,1.2,0.032,63.0,148.0,0.99185,3.32,0.44,11.2,white
6.2,0.22,0.3,12.4,0.054,108.0,152.0,0.99728,3.1,0.47,9.5,white
12.3,0.5,0.49,2.2,0.089,5.0,14.0,1.0002,3.19,0.44,9.6,red
6.7,0.54,0.13,2.0,0.076,15.0,36.0,0.9973,3.61,0.64,9.8,red
5.6,0.15,0.31,5.3,0.038,8.0,79.0,0.9923,3.3,0.39,10.5,white
6.8,0.27,0.12,1.3,0.04,87.0,168.0,0.992,3.18,0.41,10.0,white
10.2,0.44,0.88,6.2,0.049,20.0,124.0,0.9968,2.99,0.51,9.9,white
7.4,0.6,0.26,2.1,0.083,17.0,91.0,0.99616,3.29,0.56,9.8,red
7.5,0.38,0.5,12.8,0.042,57.0,184.0,0.9984,3.09,0.46,9.0,white
7.8,0.41,0.68,1.7,0.467,18.0,69.0,0.9973,3.08,1.31,9.3,red
6.9,0.41,0.31,2.0,0.079,21.0,51.0,0.99668,3.47,0.55,9.5,red
9.8,0.16,0.46,1.8,0.046,23.0,130.0,0.99587,3.04,0.67,9.6,white
6.9,0.36,0.34,4.2,0.018,57.0,119.0,0.9898,3.28,0.36,12.7,white
7.7,0.49,1.0,19.6,0.03,28.0,135.0,0.9973,3.24,0.4,12.0,white
5.6,0.66,0.0,2.2,0.087,3.0,11.0,0.99378,3.71,0.63,12.8,red
7.8,0.19,0.32,7.4,0.015,47.0,124.0,0.99278,2.99,0.39,11.0,white
12.2,0.34,0.5,2.4,0.066,10.0,21.0,1.0,3.12,1.18,9.2,red
7.8,0.29,0.36,7.0,0.042,38.0,161.0,0.9941,3.26,0.37,11.2,white
7.2,0.29,0.4,13.6,0.045,66.0,231.0,0.9977,3.08,0.59,9.6,white
6.6,0.21,0.49,18.15,0.042,41.0,158.0,0.9997,3.28,0.39,8.7,white
5.9,0.2,0.23,1.5,0.037,38.0,93.0,0.99021,3.36,0.49,12.0,white
6.9,0.32,0.17,7.6,0.042,69.0,219.0,0.9959,3.13,0.4,8.9,white
6.5,0.25,0.27,17.4,0.064,29.0,140.0,0.99776,3.2,0.49,10.1,white
4.8,0.13,0.32,1.2,0.042,40.0,98.0,0.9898,3.42,0.64,11.8,white
8.0,0.6,0.22,2.1,0.08,25.0,105.0,0.99613,3.3,0.49,9.9,red
7.9,0.26,0.33,10.3,0.039,73.0,212.0,0.9969,2.93,0.49,9.5,white
6.2,0.23,0.35,0.7,0.051,24.0,111.0,0.9916,3.37,0.43,11.0,white
7.2,0.65,0.02,2.3,0.094,5.0,31.0,0.9993,3.67,0.8,9.7,red
6.0,0.5,0.04,2.2,0.092,13.0,26.0,0.99647,3.46,0.47,10.0,red
7.3,0.21,0.29,1.6,0.034,29.0,118.0,0.9917,3.3,0.5,11.0,white
6.0,0.19,0.26,12.4,0.048,50.0,147.0,0.9972,3.3,0.36,8.9,white
9.0,0.38,0.41,2.4,0.103,6.0,10.0,0.99604,3.13,0.58,11.9,red
9.0,0.45,0.49,2.6,0.084,21.0,75.0,0.9987,3.35,0.57,9.7,red
5.0,0.255,0.22,2.7,0.043,46.0,153.0,0.99238,3.75,0.76,11.3,white
6.6,0.425,0.25,2.35,0.034,23.0,87.0,0.99082,3.05,0.41,11.4,white
8.4,0.29,0.4,1.7,0.067,8.0,20.0,0.99603,3.39,0.6,10.5,red
9.5,0.735,0.1,2.1,0.079,6.0,31.0,0.9986,3.23,0.56,10.1,red
14.3,0.31,0.74,1.8,0.075,6.0,15.0,1.0008,2.86,0.79,8.4,red
6.6,0.855,0.02,2.4,0.062,15.0,23.0,0.99627,3.54,0.6,11.0,red
6.1,0.6,0.0,1.3,0.042,24.0,79.0,0.9937,3.31,0.38,9.4,white
6.1,0.44,0.28,4.25,0.032,43.0,132.0,0.9916,3.26,0.47,11.2666666666667,white
6.5,0.23,0.36,16.3,0.038,43.0,133.0,0.99924,3.26,0.41,8.8,white
8.8,0.7,0.0,1.7,0.069,8.0,19.0,0.99701,3.31,0.53,10.0,red
10.0,0.35,0.45,2.5,0.092,20.0,88.0,0.99918,3.15,0.43,9.4,red
8.6,0.315,0.4,2.2,0.079,3.0,6.0,0.99512,3.27,0.67,11.9,red
11.9,0.38,0.49,2.7,0.098,12.0,42.0,1.0004,3.16,0.61,10.3,red
7.6,0.18,0.46,10.2,0.055,58.0,135.0,0.9968,3.14,0.43,9.9,white
6.1,0.36,0.26,8.15,0.035,14.0,88.0,0.99031,3.06,0.27,13.0,white
6.2,0.27,0.43,7.8,0.056,48.0,244.0,0.9956,3.1,0.51,9.0,white
7.1,0.59,0.02,2.3,0.082,24.0,94.0,0.99744,3.55,0.53,9.7,red
7.2,0.49,0.24,2.2,0.07,5.0,36.0,0.996,3.33,0.48,9.4,red
10.2,0.42,0.57,3.4,0.07,4.0,10.0,0.9971,3.04,0.63,9.6,red
6.0,0.25,0.4,5.7,0.052,56.0,152.0,0.99398,3.16,0.88,10.5,white
7.0,0.69,0.07,2.5,0.091,15.0,21.0,0.99572,3.38,0.6,11.3,red
6.6,0.28,0.41,7.0,0.046,59.0,194.0,0.99558,3.14,0.48,9.4,white
6.6,0.23,0.37,8.5,0.036,46.0,153.0,0.99576,3.2,0.48,9.4,white
6.4,0.21,0.28,5.9,0.047,29.0,101.0,0.99278,3.15,0.4,11.0,white
6.8,0.27,0.26,16.1,0.049,55.0,196.0,0.9984,3.15,0.5,9.3,white
8.2,0.42,0.49,2.6,0.084,32.0,55.0,0.9988,3.34,0.75,8.7,red
6.5,0.18,0.33,1.4,0.029,35.0,138.0,0.99114,3.36,0.6,11.5,white
6.6,0.13,0.3,4.9,0.058,47.0,131.0,0.9946,3.51,0.45,10.3,white
6.9,0.26,0.49,1.6,0.058,39.0,166.0,0.9965,3.65,0.52,9.4,white
12.5,0.37,0.55,2.6,0.083,25.0,68.0,0.9995,3.15,0.82,10.4,red
5.8,0.28,0.28,4.2,0.044,52.0,158.0,0.992,3.35,0.44,10.7,white
6.6,0.27,0.33,1.4,0.042,24.0,183.0,0.99215,3.29,0.46,10.7,white
7.3,0.34,0.22,1.4,0.044,43.0,176.0,0.99286,3.14,0.46,9.9,white
9.1,0.29,0.33,2.05,0.063,13.0,27.0,0.99516,3.26,0.84,11.7,red
7.4,0.635,0.1,2.4,0.08,16.0,33.0,0.99736,3.58,0.69,10.8,red
6.1,0.23,0.45,10.6,0.094,49.0,169.0,0.99699,3.05,0.54,8.8,white
4.4,0.46,0.1,2.8,0.024,31.0,111.0,0.98816,3.48,0.34,13.1,white
6.5,0.15,0.32,1.3,0.036,19.0,76.0,0.98964,3.18,0.41,12.3,white
8.2,0.59,0.0,2.5,0.093,19.0,58.0,1.0002,3.5,0.65,9.3,red
5.4,0.29,0.47,3.0,0.052,47.0,145.0,0.993,3.29,0.75,10.0,white
8.5,0.34,0.4,4.7,0.055,3.0,9.0,0.99738,3.38,0.66,11.6,red
9.4,0.24,0.33,2.3,0.061,52.0,73.0,0.99786,3.47,0.9,10.2,red
6.5,0.08,0.33,1.9,0.028,23.0,93.0,0.991,3.34,0.7,12.0,white
9.1,0.25,0.34,2.0,0.071,45.0,67.0,0.99769,3.44,0.86,10.2,red
4.4,0.32,0.39,4.3,0.03,31.0,127.0,0.98904,3.46,0.36,12.8,white
6.0,0.28,0.24,17.8,0.047,42.0,111.0,0.99896,3.1,0.45,8.9,white
4.7,0.335,0.14,1.3,0.036,69.0,168.0,0.99212,3.47,0.46,10.5,white
8.3,0.715,0.15,1.8,0.089,10.0,52.0,0.9968,3.23,0.77,9.5,red
6.8,0.11,0.42,1.1,0.042,51.0,132.0,0.99059,3.18,0.74,11.3,white
6.7,0.12,0.3,5.2,0.048,38.0,113.0,0.99352,3.33,0.44,10.1,white
8.7,0.54,0.26,2.5,0.097,7.0,31.0,0.9976,3.27,0.6,9.3,red
5.6,0.26,0.27,10.6,0.03,27.0,119.0,0.9947,3.4,0.34,10.7,white
7.1,0.22,0.49,1.8,0.039,8.0,18.0,0.99344,3.39,0.56,12.4,white
6.8,0.22,0.35,17.5,0.039,38.0,153.0,0.9994,3.24,0.42,9.0,white
7.4,0.35,0.2,13.9,0.054,63.0,229.0,0.99888,3.11,0.5,8.9,white
7.2,0.41,0.3,2.1,0.083,35.0,72.0,0.997,3.44,0.52,9.4,red
7.8,0.32,0.44,2.7,0.104,8.0,17.0,0.99732,3.33,0.78,11.0,red
6.4,0.79,0.04,2.2,0.061,11.0,17.0,0.99588,3.53,0.65,10.4,red
7.4,0.68,0.16,1.8,0.078,12.0,39.0,0.9977,3.5,0.7,9.9,red
11.1,0.45,0.73,3.2,0.066,6.0,22.0,0.9986,3.17,0.66,11.2,red
12.3,0.39,0.63,2.3,0.091,6.0,18.0,1.0004,3.16,0.49,9.5,red
6.4,0.22,0.32,12.0,0.066,57.0,158.0,0.9992,3.6,0.43,9.0,white
8.0,0.24,0.36,1.5,0.047,17.0,129.0,0.9948,3.2,0.54,10.0,white
8.2,0.7,0.23,2.0,0.099,14.0,81.0,0.9973,3.19,0.7,9.4,red
7.6,0.24,0.44,3.8,0.037,49.0,146.0,0.9911,3.06,0.37,11.6,white
6.4,0.27,0.29,10.8,0.028,17.0,118.0,0.99356,3.18,0.37,11.2,white
6.6,0.61,0.0,1.6,0.069,4.0,8.0,0.99396,3.33,0.37,10.4,red
5.7,0.335,0.34,1.0,0.04,13.0,174.0,0.992,3.27,0.66,10.0,white
9.0,0.58,0.25,2.0,0.104,8.0,21.0,0.99769,3.27,0.72,9.6,red
6.7,0.18,0.19,4.7,0.046,57.0,161.0,0.9946,3.32,0.66,10.5,white
9.2,0.28,0.46,3.2,0.058,39.0,133.0,0.996,3.14,0.58,9.5,white
7.3,0.4,0.26,5.45,0.016,26.0,90.0,0.98951,2.84,0.54,13.2,white
6.6,0.58,0.02,2.4,0.069,19.0,40.0,0.99387,3.38,0.66,12.6,red
6.2,0.44,0.39,2.5,0.077,6.0,14.0,0.99555,3.51,0.69,11.0,red
11.5,0.59,0.59,2.6,0.087,13.0,49.0,0.9988,3.18,0.65,11.0,red
8.0,0.745,0.56,2.0,0.118,30.0,134.0,0.9968,3.24,0.66,9.4,red
11.1,0.18,0.48,1.5,0.068,7.0,15.0,0.9973,3.22,0.64,10.1,red
6.5,0.27,0.4,10.0,0.039,74.0,227.0,0.99582,3.18,0.5,9.4,white
6.4,0.17,0.32,2.4,0.048,41.0,200.0,0.9938,3.5,0.5,9.7,white
8.8,0.61,0.14,2.4,0.067,10.0,42.0,0.9969,3.19,0.59,9.5,red
9.0,0.55,0.3,8.1,0.026,14.0,71.0,0.993,2.94,0.36,11.8,white
5.7,0.25,0.32,12.2,0.041,43.0,127.0,0.99524,3.23,0.53,10.4,white
8.4,0.22,0.3,1.3,0.038,45.0,122.0,0.99178,3.13,0.54,10.8,white
12.8,0.84,0.63,2.4,0.088,13.0,35.0,0.9997,3.1,0.6,10.4,red
5.4,0.205,0.16,12.55,0.051,31.0,115.0,0.99564,3.4,0.38,10.8,white
9.4,0.28,0.3,1.6,0.045,36.0,139.0,0.99534,3.11,0.49,9.3,white
6.6,0.24,0.38,8.0,0.042,56.0,187.0,0.99577,3.21,0.46,9.2,white
7.5,0.32,0.49,1.7,0.031,44.0,109.0,0.9906,3.07,0.46,12.5,white
6.7,0.24,0.36,8.4,0.042,42.0,123.0,0.99473,3.34,0.52,10.9,white
6.5,0.39,0.23,5.4,0.051,25.0,149.0,0.9934,3.24,0.35,10.0,white
6.8,0.64,0.1,2.1,0.085,18.0,101.0,0.9956,3.34,0.52,10.2,red
6.9,0.25,0.35,1.3,0.039,29.0,191.0,0.9908,3.13,0.52,11.0,white
9.0,0.82,0.14,2.6,0.089,9.0,23.0,0.9984,3.39,0.63,9.8,red
8.8,0.6,0.29,2.2,0.098,5.0,15.0,0.9988,3.36,0.49,9.1,red
7.3,0.67,0.02,2.2,0.072,31.0,92.0,0.99566,3.32,0.68,11.1,red
8.2,0.3,0.44,12.4,0.043,52.0,154.0,0.99452,3.04,0.33,12.0,white
6.3,0.22,0.43,4.55,0.038,31.0,130.0,0.9918,3.35,0.33,11.5,white
7.1,0.37,0.67,10.5,0.045,49.0,155.0,0.9975,3.16,0.44,8.7,white
6.6,0.38,0.28,2.8,0.043,17.0,67.0,0.98924,3.21,0.47,13.2,white
6.8,0.83,0.09,1.8,0.074,4.0,25.0,0.99534,3.38,0.45,9.6,red
7.6,0.28,0.39,1.9,0.052,23.0,116.0,0.9941,3.25,0.4,10.4,white
7.0,0.57,0.0,2.0,0.19,12.0,45.0,0.99676,3.31,0.6,9.4,red
8.9,0.24,0.33,15.75,0.035,16.0,132.0,0.996,3.0,0.37,12.1,white
5.6,0.23,0.29,3.1,0.023,19.0,89.0,0.99068,3.25,0.51,11.2,white
6.6,0.735,0.02,7.9,0.122,68.0,124.0,0.9994,3.47,0.53,9.9,red
6.0,0.33,0.32,12.9,0.054,6.0,113.0,0.99572,3.3,0.56,11.5,white
5.8,0.4,0.42,4.4,0.047,38.5,245.0,0.9937,3.25,0.57,9.6,white
5.7,0.6,0.0,1.4,0.063,11.0,18.0,0.99191,3.45,0.56,12.2,red
7.6,0.41,0.14,3.0,0.087,21.0,43.0,0.9964,3.32,0.57,10.5,red
6.2,0.35,0.2,18.1,0.069,33.0,158.0,0.99908,3.15,0.5,8.8,white
7.6,0.31,0.49,3.95,0.044,27.0,131.0,0.9912,3.08,0.67,12.8,white
7.0,0.24,0.36,4.9,0.083,10.0,133.0,0.9942,3.33,0.37,10.8,white
11.6,0.475,0.4,1.4,0.091,6.0,28.0,0.99704,3.07,0.65,10.0333333333333,red
5.0,0.29,0.54,5.7,0.035,54.0,155.0,0.98976,3.27,0.34,12.9,white
10.5,0.42,0.66,2.95,0.116,12.0,29.0,0.997,3.24,0.75,11.7,red
7.6,0.42,0.25,3.9,0.104,28.0,90.0,0.99784,3.15,0.57,9.1,red
5.2,0.34,0.0,1.8,0.05,27.0,63.0,0.9916,3.68,0.79,14.0,white
6.8,0.21,0.49,14.5,0.06,50.0,170.0,0.9991,3.55,0.44,9.8,white
7.1,0.23,0.39,13.7,0.058,26.0,172.0,0.99755,2.9,0.46,9.0,white
10.0,0.48,0.24,2.7,0.102,13.0,32.0,1.0,3.28,0.56,10.0,red
7.2,0.24,0.4,17.85,0.049,50.0,185.0,1.0,3.34,0.42,9.6,white
6.0,0.43,0.34,7.6,0.045,25.0,118.0,0.99222,3.03,0.37,11.0,white
7.5,0.755,0.0,1.9,0.084,6.0,12.0,0.99672,3.34,0.49,9.7,red
7.7,0.57,0.21,1.5,0.069,4.0,9.0,0.99458,3.16,0.54,9.8,red
9.6,0.77,0.12,2.9,0.082,30.0,74.0,0.99865,3.3,0.64,10.4,red
7.2,0.34,0.32,2.5,0.09,43.0,113.0,0.9966,3.32,0.79,11.1,white
8.0,0.43,0.4,12.4,0.168,29.0,190.0,0.9991,3.07,0.64,9.2,white
7.3,0.25,0.36,13.1,0.05,35.0,200.0,0.9986,3.04,0.46,8.9,white
8.3,0.54,0.28,1.9,0.077,11.0,40.0,0.9978,3.39,0.61,10.0,red
6.2,0.27,0.32,6.3,0.048,47.0,159.0,0.99282,3.21,0.6,11.0,white
7.3,0.735,0.0,2.2,0.08,18.0,28.0,0.99765,3.41,0.6,9.4,red
7.8,0.645,0.0,2.0,0.082,8.0,16.0,0.9964,3.38,0.59,9.8,red
10.4,0.24,0.49,1.8,0.075,6.0,20.0,0.9977,3.18,1.06,11.0,red
5.6,0.615,0.0,1.6,0.089,16.0,59.0,0.9943,3.58,0.52,9.9,red
7.1,0.685,0.35,2.0,0.088,9.0,92.0,0.9963,3.28,0.62,9.4,red
8.8,0.61,0.19,4.0,0.094,30.0,69.0,0.99787,3.22,0.5,10.0,red
7.8,0.62,0.05,2.3,0.079,6.0,18.0,0.99735,3.29,0.63,9.3,red
6.8,0.91,0.06,2.0,0.06,4.0,11.0,0.99592,3.53,0.64,10.9,red
8.1,0.82,0.0,4.1,0.095,5.0,14.0,0.99854,3.36,0.53,9.6,red
8.6,0.52,0.38,1.5,0.096,5.0,18.0,0.99666,3.2,0.52,9.4,red
7.0,0.33,0.28,5.7,0.033,39.0,204.0,0.99176,3.17,0.64,12.5,white
7.4,0.785,0.19,5.2,0.094,19.0,98.0,0.99713,3.16,0.52,9.56666666666667,red
8.3,0.14,0.26,1.5,0.049,56.0,189.0,0.9946,3.21,0.62,9.5,white
9.3,0.2,0.33,1.7,0.05,28.0,178.0,0.9954,3.16,0.43,9.0,white
5.8,0.2,0.3,1.5,0.031,21.0,57.0,0.99115,3.44,0.55,11.0,white
7.3,0.52,0.32,2.1,0.07,51.0,70.0,0.99418,3.34,0.82,12.9,red
6.8,0.27,0.3,13.0,0.047,69.0,160.0,0.99705,3.16,0.5,9.6,white
6.3,0.23,0.5,10.4,0.043,61.0,132.0,0.99542,2.86,0.46,9.1,white
6.7,0.28,0.34,8.9,0.048,32.0,111.0,0.99455,3.25,0.54,11.0,white
8.3,0.2,0.74,4.45,0.044,33.0,130.0,0.9924,3.25,0.42,12.2,white
9.1,0.37,0.32,2.1,0.064,4.0,15.0,0.99576,3.3,0.8,11.2,red
8.4,0.22,0.3,8.9,0.024,17.0,118.0,0.99456,2.99,0.34,10.5,white
9.2,0.63,0.21,2.7,0.097,29.0,65.0,0.9988,3.28,0.58,9.6,red
6.7,0.46,0.24,1.7,0.077,18.0,34.0,0.9948,3.39,0.6,10.6,red
6.5,0.16,0.33,1.0,0.027,23.0,75.0,0.9908,3.3,0.39,11.4,white
6.8,0.32,0.37,3.4,0.023,19.0,87.0,0.9902,3.14,0.53,12.7,white
11.6,0.53,0.66,3.65,0.121,6.0,14.0,0.9978,3.05,0.74,11.5,red
7.5,0.57,0.02,2.6,0.077,11.0,35.0,0.99557,3.36,0.62,10.8,red
8.1,0.545,0.18,1.9,0.08,13.0,35.0,0.9972,3.3,0.59,9.0,red
9.0,0.46,0.31,2.8,0.093,19.0,98.0,0.99815,3.32,0.63,9.5,red
12.4,0.49,0.58,3.0,0.103,28.0,99.0,1.0008,3.16,1.0,11.5,red
9.7,0.24,0.45,1.2,0.033,11.0,59.0,0.9926,2.74,0.47,10.8,white
7.4,0.29,0.48,12.8,0.037,61.5,182.0,0.99808,3.02,0.34,8.8,white
6.7,0.16,0.34,1.6,0.026,27.0,109.0,0.9934,3.34,0.58,10.1,white
7.4,0.55,0.19,1.8,0.082,15.0,34.0,0.99655,3.49,0.68,10.5,red
6.4,0.47,0.4,2.4,0.071,8.0,19.0,0.9963,3.56,0.73,10.6,red
10.3,0.59,0.42,2.8,0.09,35.0,73.0,0.999,3.28,0.7,9.5,red
9.4,0.23,0.56,16.45,0.063,52.5,282.0,1.00098,3.1,0.51,9.3,white
7.9,0.3,0.27,8.5,0.036,20.0,112.0,0.9939,2.96,0.46,11.7,white
7.4,0.32,0.22,11.7,0.035,44.0,150.0,0.99578,3.1,0.45,10.4,white
5.8,0.29,0.38,10.7,0.038,49.0,136.0,0.99366,3.11,0.59,11.2,white
8.1,0.66,0.22,2.2,0.069,9.0,23.0,0.9968,3.3,1.2,10.3,red
8.9,0.32,0.31,2.0,0.088,12.0,19.0,0.9957,3.17,0.55,10.4,red
6.6,0.735,0.02,7.9,0.122,68.0,124.0,0.9994,3.47,0.53,9.9,red
9.2,0.67,0.1,3.0,0.091,12.0,48.0,0.99888,3.31,0.54,9.5,red
6.8,0.61,0.04,1.5,0.057,5.0,10.0,0.99525,3.42,0.6,9.5,red
7.5,0.38,0.29,4.9,0.021,38.0,113.0,0.99026,3.08,0.48,13.0,white
6.8,0.27,0.3,13.0,0.047,69.0,160.0,0.99705,3.16,0.5,9.6,white
7.3,0.22,0.5,13.7,0.049,56.0,189.0,0.9994,3.24,0.66,9.0,white
7.9,0.28,0.32,3.6,0.038,9.0,76.0,0.992,3.05,0.31,11.7,white
7.5,0.33,0.48,19.45,0.048,55.0,243.0,1.001,2.95,0.4,8.8,white
7.8,0.64,0.0,1.9,0.072,27.0,55.0,0.9962,3.31,0.63,11.0,red
7.3,0.305,0.39,1.2,0.059,7.0,11.0,0.99331,3.29,0.52,11.5,red
8.4,0.27,0.46,8.7,0.048,39.0,197.0,0.9974,3.14,0.59,9.6,white
6.6,0.32,0.26,4.6,0.031,26.0,120.0,0.99198,3.4,0.73,12.5,white
6.1,0.16,0.24,1.4,0.046,17.0,77.0,0.99319,3.66,0.57,10.3,white
6.5,0.29,0.32,3.0,0.036,38.0,93.0,0.9906,3.16,0.59,12.0,white
6.5,0.36,0.38,10.2,0.028,20.0,82.0,0.99274,3.1,0.43,12.1,white
7.5,0.38,0.33,9.2,0.043,19.0,116.0,0.99444,3.08,0.42,11.4,white
6.9,0.16,0.3,9.6,0.057,50.0,185.0,0.9978,3.39,0.38,9.6,white
5.5,0.17,0.23,2.9,0.039,10.0,108.0,0.99243,3.28,0.5,10.0,white
7.7,0.31,0.23,2.0,0.069,29.0,134.0,0.99382,3.11,0.62,9.8,white
5.3,0.76,0.03,2.7,0.043,27.0,93.0,0.9932,3.34,0.38,9.2,white
13.0,0.32,0.65,2.6,0.093,15.0,47.0,0.9996,3.05,0.61,10.6,red
7.6,0.2,0.39,2.6,0.044,30.0,180.0,0.9941,3.46,0.44,10.8,white
7.8,0.26,0.31,3.6,0.025,22.0,100.0,0.99066,2.99,0.47,12.1,white
6.3,0.39,0.08,1.7,0.066,3.0,20.0,0.9954,3.34,0.58,9.4,red
7.2,0.695,0.13,2.0,0.076,12.0,20.0,0.99546,3.29,0.54,10.1,red
7.0,0.21,0.28,8.7,0.045,37.0,222.0,0.9954,3.25,0.54,10.4,white
6.9,0.4,0.22,5.95,0.081,76.0,303.0,0.99705,3.4,0.57,9.4,white
9.0,0.48,0.32,2.8,0.084,21.0,122.0,0.9984,3.32,0.62,9.4,red
5.9,0.415,0.02,0.8,0.038,22.0,63.0,0.9932,3.36,0.36,9.3,white
7.6,0.3,0.22,10.2,0.049,57.0,191.0,0.9966,3.08,0.4,9.3,white
9.0,0.6,0.29,2.0,0.069,32.0,73.0,0.99654,3.34,0.57,10.0,red
6.9,0.4,0.37,8.9,0.053,36.0,148.0,0.996,3.16,0.5,9.3,white
6.4,0.25,0.33,1.7,0.037,35.0,113.0,0.99164,3.23,0.66,10.6,white
6.3,0.41,0.3,3.2,0.03,49.0,164.0,0.9927,3.53,0.79,11.7,white
7.4,0.24,0.26,1.6,0.058,53.0,150.0,0.9936,3.18,0.5,9.9,white
8.6,0.49,0.51,2.0,0.422,16.0,62.0,0.9979,3.03,1.17,9.0,red
9.8,0.3,0.39,1.7,0.062,3.0,9.0,0.9948,3.14,0.57,11.5,red
7.7,0.58,0.01,1.8,0.088,12.0,18.0,0.99568,3.32,0.56,10.5,red
6.8,0.25,0.27,10.7,0.076,47.0,154.0,0.9967,3.05,0.38,9.0,white
7.1,0.32,0.34,14.5,0.039,46.0,150.0,0.995,3.38,0.5,12.5,white
8.1,0.28,0.34,1.3,0.035,11.0,126.0,0.99232,3.14,0.5,9.8,white
7.6,0.31,0.27,5.8,0.036,23.0,109.0,0.99399,3.34,0.54,11.0,white
5.7,0.29,0.16,7.9,0.044,48.0,197.0,0.99512,3.21,0.36,9.4,white
6.8,0.69,0.0,5.6,0.124,21.0,58.0,0.9997,3.46,0.72,10.2,red
7.2,0.725,0.05,4.65,0.086,4.0,11.0,0.9962,3.41,0.39,10.9,red
7.8,0.24,0.38,2.1,0.058,14.0,167.0,0.994,3.21,0.55,9.9,white
9.8,0.25,0.49,2.7,0.088,15.0,33.0,0.9982,3.42,0.9,10.0,red
8.3,0.26,0.42,2.0,0.08,11.0,27.0,0.9974,3.21,0.8,9.4,red
6.8,0.18,0.3,12.8,0.062,19.0,171.0,0.99808,3.0,0.52,9.0,white
6.6,0.45,0.43,7.2,0.064,31.0,186.0,0.9954,3.12,0.44,9.4,white
8.0,0.3,0.63,1.6,0.081,16.0,29.0,0.99588,3.3,0.78,10.8,red
7.1,0.735,0.16,1.9,0.1,15.0,77.0,0.9966,3.27,0.64,9.3,red
6.7,0.22,0.22,1.2,0.038,5.0,124.0,0.99098,3.1,0.37,11.2,white
5.8,0.22,0.25,1.5,0.024,21.0,109.0,0.99234,3.37,0.58,10.4,white
7.4,0.5,0.47,2.0,0.086,21.0,73.0,0.997,3.36,0.57,9.1,red
8.5,0.32,0.42,2.3,0.075,12.0,19.0,0.99434,3.14,0.71,11.8,red
7.3,0.22,0.4,14.75,0.042,44.5,129.5,0.9998,3.36,0.41,9.1,white
6.6,0.34,0.2,1.0,0.053,26.0,112.0,0.99336,3.32,0.55,9.1,white
10.0,0.69,0.11,1.4,0.084,8.0,24.0,0.99578,2.88,0.47,9.7,red
7.3,0.3,0.22,6.4,0.056,44.0,168.0,0.9947,3.13,0.35,10.1,white
6.8,0.26,0.34,15.1,0.06,42.0,162.0,0.99705,3.24,0.52,10.5,white
4.7,0.67,0.09,1.0,0.02,5.0,9.0,0.98722,3.3,0.34,13.6,white
7.7,0.24,0.31,1.3,0.047,33.0,106.0,0.993,3.22,0.55,10.8,white
7.0,0.57,0.1,8.3,0.094,23.0,188.0,0.9972,3.4,0.47,9.2,white
11.5,0.3,0.6,2.0,0.067,12.0,27.0,0.9981,3.11,0.97,10.1,red
7.1,0.13,0.4,1.2,0.047,54.0,134.0,0.9932,3.3,0.97,9.8,white
6.7,0.16,0.32,12.5,0.035,18.0,156.0,0.99666,2.88,0.36,9.0,white
6.4,0.2,0.15,6.6,0.046,26.0,113.0,0.99408,2.99,0.58,9.9,white
7.8,0.23,0.28,4.75,0.042,45.0,166.0,0.9928,2.96,0.4,11.5,white
9.8,0.44,0.47,2.5,0.063,9.0,28.0,0.9981,3.24,0.65,10.8,red
7.9,0.43,0.21,1.6,0.106,10.0,37.0,0.9966,3.17,0.91,9.5,red
8.9,0.5,0.21,2.2,0.088,21.0,39.0,0.99692,3.33,0.83,11.1,red
8.0,0.58,0.16,2.0,0.12,3.0,7.0,0.99454,3.22,0.58,11.2,red
7.2,0.23,0.46,6.4,0.036,17.0,85.0,0.99279,3.1,0.78,11.7,white
12.5,0.6,0.49,4.3,0.1,5.0,14.0,1.001,3.25,0.74,11.9,red
11.5,0.42,0.48,2.6,0.077,8.0,20.0,0.99852,3.09,0.53,11.0,red
12.0,0.28,0.49,1.9,0.074,10.0,21.0,0.9976,2.98,0.66,9.9,red
13.0,0.47,0.49,4.3,0.085,6.0,47.0,1.0021,3.3,0.68,12.7,red
7.2,0.23,0.19,13.7,0.052,47.0,197.0,0.99865,3.12,0.53,9.0,white
6.0,0.27,0.19,1.7,0.02,24.0,110.0,0.9898,3.32,0.47,12.6,white
5.8,1.01,0.66,2.0,0.039,15.0,88.0,0.99357,3.66,0.6,11.5,red
8.4,0.31,0.29,3.1,0.194,14.0,26.0,0.99536,3.22,0.78,12.0,red
6.7,0.11,0.34,8.8,0.043,41.0,113.0,0.9962,3.42,0.4,9.3,white
6.2,0.25,0.54,7.0,0.046,58.0,176.0,0.99454,3.19,0.7,10.4,white
6.7,0.24,0.46,2.2,0.033,19.0,111.0,0.99045,3.1,0.62,11.9,white
10.0,0.26,0.54,1.9,0.083,42.0,74.0,0.99451,2.98,0.63,11.8,red
8.2,0.17,0.32,1.5,0.05,17.0,101.0,0.994,3.14,0.58,9.5,white
7.1,0.22,0.33,2.8,0.033,48.0,153.0,0.9899,3.15,0.38,12.7,white
6.2,0.785,0.0,2.1,0.06,6.0,13.0,0.99664,3.59,0.61,10.0,red
7.5,0.38,0.57,2.3,0.106,5.0,12.0,0.99605,3.36,0.55,11.4,red
5.6,0.42,0.34,2.4,0.022,34.0,97.0,0.98915,3.22,0.38,12.8,white
7.3,0.38,0.21,2.0,0.08,7.0,35.0,0.9961,3.33,0.47,9.5,red
5.1,0.47,0.02,1.3,0.034,18.0,44.0,0.9921,3.9,0.62,12.8,red
5.1,0.21,0.28,1.4,0.047,48.0,148.0,0.99168,3.5,0.49,10.4,white
6.9,0.63,0.33,6.7,0.235,66.0,115.0,0.99787,3.22,0.56,9.5,red
7.8,0.39,0.42,2.0,0.086,9.0,21.0,0.99526,3.39,0.66,11.6,red
6.4,0.63,0.21,1.6,0.08,12.0,32.0,0.99689,3.58,0.66,9.8,red
6.1,0.34,0.46,4.7,0.029,21.0,94.0,0.991,3.29,0.62,12.3,white
7.7,0.32,0.62,10.6,0.036,56.0,153.0,0.9978,3.13,0.44,8.9,white
9.1,0.5,0.3,1.9,0.065,8.0,17.0,0.99774,3.32,0.71,10.5,red
8.2,0.5,0.35,2.9,0.077,21.0,127.0,0.9976,3.23,0.62,9.4,red
6.9,0.45,0.11,2.4,0.043,6.0,12.0,0.99354,3.3,0.65,11.4,red
8.2,0.73,0.21,1.7,0.074,5.0,13.0,0.9968,3.2,0.52,9.5,red
6.5,0.18,0.41,14.2,0.039,47.0,129.0,0.99678,3.28,0.72,10.3,white
6.8,0.56,0.22,1.8,0.074,15.0,24.0,0.99438,3.4,0.82,11.2,red
6.7,0.2,0.42,14.0,0.038,83.0,160.0,0.9987,3.16,0.5,9.4,white
6.4,0.865,0.03,3.2,0.071,27.0,58.0,0.995,3.61,0.49,12.7,red
6.8,0.65,0.02,2.1,0.078,8.0,15.0,0.99498,3.35,0.62,10.4,red
6.5,0.34,0.27,2.8,0.067,8.0,44.0,0.99384,3.21,0.56,12.0,red
13.5,0.53,0.79,4.8,0.12,23.0,77.0,1.0018,3.18,0.77,13.0,red
6.1,0.705,0.1,2.8,0.081,13.0,28.0,0.99631,3.6,0.66,10.2,red
6.8,0.3,0.22,6.2,0.06,41.0,190.0,0.99858,3.18,0.51,9.2,white
6.4,0.23,0.35,4.6,0.039,43.0,147.0,0.99216,3.18,0.4,11.0,white
9.2,0.35,0.39,0.9,0.042,15.0,61.0,0.9924,2.96,0.28,10.4,white
6.8,0.26,0.29,16.95,0.056,48.0,179.0,0.9998,3.45,0.4,9.6,white
6.9,0.55,0.15,2.2,0.076,19.0,40.0,0.9961,3.41,0.59,10.1,red
7.0,0.19,0.23,5.7,0.123,27.0,104.0,0.9954,3.04,0.54,9.4,white
7.0,0.26,0.26,10.8,0.039,37.0,184.0,0.99787,3.47,0.58,10.3,white
6.3,0.98,0.01,2.0,0.057,15.0,33.0,0.99488,3.6,0.46,11.2,red
7.1,0.35,0.29,2.5,0.096,20.0,53.0,0.9962,3.42,0.65,11.0,red
4.8,0.26,0.23,10.6,0.034,23.0,111.0,0.99274,3.46,0.28,11.5,white
7.0,0.61,0.26,1.7,0.051,25.0,161.0,0.9946,3.36,0.6,10.6,white
8.1,0.575,0.22,2.1,0.077,12.0,65.0,0.9967,3.29,0.51,9.2,red
6.6,0.5,0.0,1.8,0.062,21.0,28.0,0.99352,3.44,0.55,12.3,red
7.0,0.69,0.07,2.5,0.091,15.0,21.0,0.99572,3.38,0.6,11.3,red
6.9,0.5,0.04,1.5,0.085,19.0,49.0,0.9958,3.35,0.78,9.5,red
7.2,0.685,0.21,9.5,0.07,33.0,172.0,0.9971,3.0,0.55,9.1,red
7.1,0.17,0.4,14.55,0.047,47.0,156.0,0.99945,3.34,0.78,9.1,white
7.9,0.37,0.23,1.8,0.077,23.0,49.0,0.9963,3.28,0.67,9.3,red
6.4,0.26,0.21,8.2,0.05,51.0,182.0,0.99542,3.23,0.48,9.5,white
6.1,0.18,0.38,2.3,0.033,28.0,111.0,0.98962,3.16,0.49,12.4,white
7.0,0.43,0.36,1.6,0.089,14.0,37.0,0.99615,3.34,0.56,9.2,red
6.6,0.34,0.25,4.8,0.038,16.0,121.0,0.99198,3.36,0.71,12.6,white
7.5,0.63,0.27,2.0,0.083,17.0,91.0,0.99616,3.26,0.58,9.8,red
6.2,0.65,0.06,1.6,0.05,6.0,18.0,0.99348,3.57,0.54,11.95,red
6.8,0.31,0.19,3.5,0.086,30.0,130.0,0.993,2.83,0.44,9.6,white
6.9,0.25,0.4,1.3,0.038,22.0,101.0,0.9901,3.03,0.39,11.4,white
6.7,0.24,0.41,2.9,0.039,48.0,122.0,0.99052,3.25,0.43,12.0,white
5.4,0.835,0.08,1.2,0.046,13.0,93.0,0.9924,3.57,0.85,13.0,red
6.5,0.22,0.25,17.1,0.05,44.0,138.0,1.0001,3.3,0.37,8.8,white
6.2,0.3,0.2,6.6,0.045,42.0,170.0,0.9944,3.36,0.45,10.4,white
7.4,0.49,0.19,3.0,0.077,16.0,37.0,0.9966,3.37,0.51,10.5,red
8.7,0.82,0.02,1.2,0.07,36.0,48.0,0.9952,3.2,0.58,9.8,red
7.1,0.39,0.12,2.1,0.065,14.0,24.0,0.99252,3.3,0.53,13.3,red
7.8,0.7,0.06,1.9,0.079,20.0,35.0,0.99628,3.4,0.69,10.9,red
6.7,0.51,0.24,2.1,0.043,14.0,155.0,0.9904,3.22,0.6,13.0,white
7.1,0.68,0.0,2.3,0.087,17.0,26.0,0.99783,3.45,0.53,9.5,red
6.5,0.43,0.18,13.15,0.032,25.0,131.0,0.99565,3.23,0.51,10.7,white
7.8,0.3,0.37,1.3,0.051,16.0,96.0,0.9941,3.32,0.62,10.0,white
6.6,0.25,0.29,1.1,0.068,39.0,124.0,0.9914,3.34,0.58,11.0,white
8.6,0.42,0.39,1.8,0.068,6.0,12.0,0.99516,3.35,0.69,11.7,red
8.1,0.53,0.22,2.2,0.078,33.0,89.0,0.99678,3.26,0.46,9.6,red
7.0,0.6,0.12,2.2,0.083,13.0,28.0,0.9966,3.52,0.62,10.2,red
7.2,0.63,0.0,1.9,0.097,14.0,38.0,0.99675,3.37,0.58,9.0,red
7.7,0.46,0.18,3.3,0.054,18.0,143.0,0.99392,3.12,0.51,10.8,white
6.2,0.32,0.45,2.9,0.029,37.0,94.0,0.98998,3.25,0.6,12.4,white
6.3,0.3,0.2,3.7,0.039,34.0,132.0,0.99158,3.0,0.38,10.7,white
7.5,0.29,0.67,8.1,0.037,53.0,166.0,0.9966,2.9,0.41,8.9,white
6.9,0.18,0.38,8.1,0.049,44.0,176.0,0.9958,3.3,0.54,9.8,white
6.9,0.52,0.25,2.6,0.081,10.0,37.0,0.99685,3.46,0.5,11.0,red
6.8,0.21,0.36,18.1,0.046,32.0,133.0,1.0,3.27,0.48,8.8,white
7.4,0.635,0.1,2.4,0.08,16.0,33.0,0.99736,3.58,0.69,10.8,red
7.6,0.19,0.41,1.1,0.04,38.0,143.0,0.9907,2.92,0.42,11.4,white
6.5,0.24,0.19,1.2,0.041,30.0,111.0,0.99254,2.99,0.46,9.4,white
6.5,0.35,0.28,12.4,0.051,86.0,213.0,0.9962,3.16,0.51,9.9,white
8.6,0.23,0.25,11.3,0.031,13.0,96.0,0.99645,3.11,0.4,10.8,white
7.2,0.16,0.29,1.0,0.031,40.0,123.0,0.98958,3.12,0.4,12.1,white
7.4,0.61,0.01,2.0,0.074,13.0,38.0,0.99748,3.48,0.65,9.8,red
9.5,0.46,0.49,6.3,0.064,5.0,17.0,0.9988,3.21,0.73,11.0,red
6.7,0.22,0.33,1.2,0.036,36.0,86.0,0.99058,3.1,0.76,11.4,white
6.2,0.3,0.31,1.2,0.048,19.0,125.0,0.98999,3.32,0.54,12.6,white
7.0,0.33,0.78,9.9,0.042,21.0,251.0,0.99435,3.01,0.55,11.0,white
10.3,0.44,0.5,4.5,0.107,5.0,13.0,0.998,3.28,0.83,11.5,red
6.9,0.44,0.0,1.4,0.07,32.0,38.0,0.99438,3.32,0.58,11.4,red
6.3,0.38,0.17,8.8,0.08,50.0,212.0,0.99803,3.47,0.66,9.4,white
7.8,0.965,0.6,65.8,0.074,8.0,160.0,1.03898,3.39,0.69,11.7,red
6.1,0.43,0.35,9.1,0.059,83.0,249.0,0.9971,3.37,0.5,8.5,white
5.9,0.21,0.24,12.1,0.044,53.0,165.0,0.9969,3.25,0.39,9.5,white
7.7,0.705,0.1,2.6,0.084,9.0,26.0,0.9976,3.39,0.49,9.7,red
6.7,0.16,0.64,2.1,0.059,24.0,52.0,0.99494,3.34,0.71,11.2,red
7.5,0.27,0.34,2.3,0.05,4.0,8.0,0.9951,3.4,0.64,11.0,red
9.5,0.39,0.41,8.9,0.069,18.0,39.0,0.99859,3.29,0.81,10.9,red
9.5,0.885,0.27,2.3,0.084,31.0,145.0,0.9978,3.24,0.53,9.4,red
6.3,0.25,0.53,1.8,0.021,41.0,101.0,0.989315,3.19,0.31,13.0,white
11.8,0.26,0.52,1.8,0.071,6.0,10.0,0.9968,3.2,0.72,10.2,red
6.9,0.115,0.35,5.4,0.048,36.0,108.0,0.9939,3.32,0.42,10.2,white
11.9,0.43,0.66,3.1,0.109,10.0,23.0,1.0,3.15,0.85,10.4,red
6.2,0.36,0.24,2.2,0.095,19.0,42.0,0.9946,3.57,0.57,11.7,red
7.5,0.3,0.21,6.55,0.026,33.0,143.0,0.99244,2.92,0.35,11.1,white
11.4,0.6,0.49,2.7,0.085,10.0,41.0,0.9994,3.15,0.63,10.5,red
5.8,0.28,0.66,9.1,0.039,26.0,159.0,0.9965,3.66,0.55,10.8,white
6.9,0.15,0.28,4.4,0.029,14.0,107.0,0.99347,3.24,0.46,10.4,white
6.7,0.22,0.39,1.2,0.049,26.0,152.0,0.99346,3.5,0.47,10.0,white
12.6,0.38,0.66,2.6,0.088,10.0,41.0,1.001,3.17,0.68,9.8,red
7.6,0.63,0.03,2.0,0.08,27.0,43.0,0.99578,3.44,0.64,10.9,red
6.4,0.69,0.09,7.6,0.044,34.0,144.0,0.9948,3.26,0.38,10.1,white
6.4,0.31,0.28,2.5,0.039,34.0,137.0,0.98946,3.22,0.38,12.7,white
7.8,0.76,0.04,2.3,0.092,15.0,54.0,0.997,3.26,0.65,9.8,red
7.0,0.21,0.34,8.5,0.033,31.0,253.0,0.9953,3.22,0.56,10.5,white
7.2,0.25,0.28,14.4,0.055,55.0,205.0,0.9986,3.12,0.38,9.0,white
8.8,0.24,0.54,2.5,0.083,25.0,57.0,0.9983,3.39,0.54,9.2,red
12.9,0.35,0.49,5.8,0.066,5.0,35.0,1.0014,3.2,0.66,12.0,red
5.6,0.26,0.18,1.4,0.034,18.0,135.0,0.99174,3.32,0.35,10.2,white
7.0,0.29,0.49,3.8,0.047,37.0,136.0,0.9938,2.95,0.4,9.4,white
6.6,0.7,0.08,2.6,0.106,14.0,27.0,0.99665,3.44,0.58,10.2,red
7.2,0.62,0.06,2.7,0.077,15.0,85.0,0.99746,3.51,0.54,9.5,red
12.2,0.45,0.49,1.4,0.075,3.0,6.0,0.9969,3.13,0.63,10.4,red
7.0,0.24,0.3,4.2,0.04,41.0,213.0,0.9927,3.28,0.49,11.8,white
6.0,0.3,0.33,2.1,0.042,31.0,127.0,0.98964,3.32,0.42,12.5,white
8.0,0.19,0.36,1.8,0.05,16.0,84.0,0.9936,3.15,0.45,9.8,white
7.2,0.21,0.34,1.1,0.046,25.0,80.0,0.992,3.25,0.4,11.3,white
6.7,0.23,0.31,2.1,0.046,30.0,96.0,0.9926,3.33,0.64,10.7,white
5.7,0.1,0.27,1.3,0.047,21.0,100.0,0.9928,3.27,0.46,9.5,white
8.7,0.31,0.46,1.4,0.059,11.0,25.0,0.9966,3.36,0.76,10.1,red
10.3,0.53,0.48,2.5,0.063,6.0,25.0,0.9998,3.12,0.59,9.3,red
7.3,0.2,0.26,1.6,0.04,36.0,123.0,0.99238,3.34,0.44,10.8,white
6.3,0.19,0.21,1.8,0.049,35.0,163.0,0.9924,3.31,0.5,10.3,white
7.8,0.61,0.29,1.6,0.114,9.0,29.0,0.9974,3.26,1.56,9.1,red
6.8,0.67,0.0,1.9,0.08,22.0,39.0,0.99701,3.4,0.74,9.7,red
10.8,0.45,0.33,2.5,0.099,20.0,38.0,0.99818,3.24,0.71,10.8,red
7.2,0.36,0.46,2.1,0.074,24.0,44.0,0.99534,3.4,0.85,11.0,red
6.5,0.32,0.23,8.5,0.051,20.0,138.0,0.9943,3.03,0.42,10.7,white
7.8,0.49,0.49,7.0,0.043,29.0,149.0,0.9952,3.21,0.33,10.0,white
7.8,0.57,0.31,1.8,0.069,26.0,120.0,0.99625,3.29,0.53,9.3,red
6.6,0.36,0.52,10.1,0.05,29.0,140.0,0.99628,3.07,0.4,9.4,white
8.2,1.0,0.09,2.3,0.065,7.0,37.0,0.99685,3.32,0.55,9.0,red
8.0,0.3,0.49,9.4,0.046,47.0,188.0,0.9964,3.14,0.48,10.0,white
7.2,0.41,0.3,2.1,0.083,35.0,72.0,0.997,3.44,0.52,9.4,red
8.9,0.33,0.34,1.4,0.056,14.0,171.0,0.9946,3.13,0.47,9.7,white
8.4,0.23,0.32,1.3,0.048,59.0,113.0,0.99178,3.1,0.55,11.0,white
8.6,0.63,0.17,2.9,0.099,21.0,119.0,0.998,3.09,0.52,9.3,red
7.4,0.41,0.24,1.8,0.066,18.0,47.0,0.9956,3.37,0.62,10.4,red
7.7,0.965,0.1,2.1,0.112,11.0,22.0,0.9963,3.26,0.5,9.5,red
4.9,0.42,0.0,2.1,0.048,16.0,42.0,0.99154,3.71,0.74,14.0,red
6.9,0.28,0.37,9.1,0.037,16.0,76.0,0.9948,3.05,0.54,11.1,white
5.7,0.28,0.28,2.2,0.019,15.0,65.0,0.9902,3.06,0.52,11.2,white
8.1,0.87,0.0,3.3,0.096,26.0,61.0,1.00025,3.6,0.72,9.8,red
10.9,0.39,0.47,1.8,0.118,6.0,14.0,0.9982,3.3,0.75,9.8,red
5.9,0.46,0.14,2.7,0.042,27.0,160.0,0.9931,3.46,0.51,10.6,white
10.5,0.24,0.42,1.8,0.077,6.0,22.0,0.9976,3.21,1.05,10.8,red
7.0,0.14,0.41,0.9,0.037,22.0,95.0,0.9914,3.25,0.43,10.9,white
8.7,0.78,0.51,1.7,0.415,12.0,66.0,0.99623,3.0,1.17,9.2,red
7.6,0.54,0.23,2.0,0.029,13.0,151.0,0.9931,3.04,0.33,10.4,white
7.5,0.19,0.49,1.6,0.047,42.0,140.0,0.9932,3.4,0.47,10.7,white
7.3,0.365,0.49,2.5,0.088,39.0,106.0,0.9966,3.36,0.78,11.0,white
8.1,0.27,0.33,1.3,0.045,26.0,100.0,0.99066,2.98,0.44,12.4,white
6.8,0.41,0.31,8.8,0.084,26.0,45.0,0.99824,3.38,0.64,10.1,red
6.7,0.44,0.31,1.9,0.03,41.0,104.0,0.99,3.29,0.62,12.6,white
6.0,0.26,0.32,3.5,0.028,29.0,113.0,0.9912,3.4,0.71,12.3,white
6.8,0.23,0.29,15.4,0.073,56.0,173.0,0.9984,3.06,0.41,8.7,white
9.8,0.66,0.39,3.2,0.083,21.0,59.0,0.9989,3.37,0.71,11.5,red
6.4,0.46,0.08,4.9,0.046,34.0,144.0,0.99445,3.1,0.56,10.0,white
6.2,0.21,0.38,6.8,0.036,64.0,245.0,0.9951,3.06,0.36,9.3,white
6.5,0.18,0.31,1.7,0.044,30.0,127.0,0.9928,3.49,0.5,10.2,white
7.7,0.27,0.68,3.5,0.358,5.0,10.0,0.9972,3.25,1.08,9.9,red
6.4,0.64,0.21,1.8,0.081,14.0,31.0,0.99689,3.59,0.66,9.8,red
6.9,0.18,0.36,1.3,0.036,40.0,117.0,0.9934,3.27,0.95,9.5,white
6.0,0.26,0.24,1.3,0.053,66.0,150.0,0.9924,3.21,0.62,10.4,white
10.7,0.67,0.22,2.7,0.107,17.0,34.0,1.0004,3.28,0.98,9.9,red
9.4,0.28,0.3,1.6,0.045,36.0,139.0,0.99534,3.11,0.49,9.3,white
7.8,0.58,0.13,2.1,0.102,17.0,36.0,0.9944,3.24,0.53,11.2,red
8.0,0.43,0.36,2.3,0.075,10.0,48.0,0.9976,3.34,0.46,9.4,red
6.4,0.27,0.19,1.9,0.085,21.0,196.0,0.99516,3.49,0.64,9.5,white
7.7,0.29,0.29,4.8,0.06,27.0,156.0,0.99572,3.49,0.59,10.3,white
7.2,0.62,0.01,2.3,0.065,8.0,46.0,0.99332,3.32,0.51,11.8,red
6.2,0.22,0.3,12.4,0.054,108.0,152.0,0.99728,3.1,0.47,9.5,white
8.2,0.73,0.21,1.7,0.074,5.0,13.0,0.9968,3.2,0.52,9.5,red
7.0,0.22,0.26,9.2,0.027,37.0,122.0,0.99228,3.06,0.34,12.5,white
6.2,0.15,0.46,1.6,0.039,38.0,123.0,0.993,3.38,0.51,9.7,white
7.2,0.63,0.0,1.9,0.097,14.0,38.0,0.99675,3.37,0.58,9.0,red
6.6,0.25,0.41,7.4,0.043,29.0,151.0,0.9946,3.15,0.6,10.2,white
11.6,0.47,0.44,1.6,0.147,36.0,51.0,0.99836,3.38,0.86,9.9,red
6.9,0.35,0.55,11.95,0.038,22.0,111.0,0.99687,3.11,0.29,9.7,white
8.4,0.715,0.2,2.4,0.076,10.0,38.0,0.99735,3.31,0.64,9.4,red
6.0,0.495,0.27,5.0,0.157,17.0,129.0,0.99396,3.03,0.36,9.3,white
7.4,0.49,0.27,2.1,0.071,14.0,25.0,0.99388,3.35,0.63,12.0,red
7.6,0.41,0.24,1.8,0.08,4.0,11.0,0.9962,3.28,0.59,9.5,red
7.4,0.64,0.07,1.8,0.1,8.0,23.0,0.9961,3.3,0.58,9.6,red
9.3,0.39,0.44,2.1,0.107,34.0,125.0,0.9978,3.14,1.22,9.5,red
11.0,0.3,0.58,2.1,0.054,7.0,19.0,0.998,3.31,0.88,10.5,red
7.3,0.55,0.03,1.6,0.072,17.0,42.0,0.9956,3.37,0.48,9.0,red
5.8,0.68,0.02,1.8,0.087,21.0,94.0,0.9944,3.54,0.52,10.0,red
7.8,0.26,0.49,3.1,0.045,21.0,116.0,0.9931,3.16,0.35,10.3,white
7.8,0.34,0.37,2.0,0.082,24.0,58.0,0.9964,3.34,0.59,9.4,red
7.3,0.835,0.03,2.1,0.092,10.0,19.0,0.9966,3.39,0.47,9.6,red
10.3,0.32,0.45,6.4,0.073,5.0,13.0,0.9976,3.23,0.82,12.6,red
7.8,0.56,0.19,2.0,0.081,17.0,108.0,0.9962,3.32,0.54,9.5,red
6.3,0.21,0.28,1.5,0.051,46.0,142.0,0.9928,3.23,0.42,10.1,white
7.9,0.16,0.3,7.4,0.05,58.0,152.0,0.99612,3.12,0.37,9.5,white
7.7,0.57,0.21,1.5,0.069,4.0,9.0,0.99458,3.16,0.54,9.8,red
6.8,0.17,0.35,1.8,0.04,29.0,84.0,0.98961,2.91,0.57,12.0,white
8.0,0.22,0.42,14.6,0.044,45.0,163.0,1.0003,3.21,0.69,8.6,white
11.8,0.33,0.49,3.4,0.093,54.0,80.0,1.0002,3.3,0.76,10.7,red
9.2,0.43,0.52,2.3,0.083,14.0,23.0,0.9976,3.35,0.61,11.3,red
8.9,0.4,0.32,5.6,0.087,10.0,47.0,0.9991,3.38,0.77,10.5,red
10.8,0.47,0.43,2.1,0.171,27.0,66.0,0.9982,3.17,0.76,10.8,red
10.2,0.36,0.64,2.9,0.122,10.0,41.0,0.998,3.23,0.66,12.5,red
8.9,0.635,0.37,1.7,0.263,5.0,62.0,0.9971,3.0,1.09,9.3,red
6.6,0.24,0.27,10.3,0.047,54.0,219.0,0.99742,3.04,0.45,8.8,white
7.2,0.605,0.02,1.9,0.096,10.0,31.0,0.995,3.46,0.53,11.8,red
8.6,0.47,0.27,2.3,0.055,14.0,28.0,0.99516,3.18,0.8,11.2,red
6.7,0.34,0.3,15.6,0.054,51.0,196.0,0.9982,3.19,0.49,9.3,white
6.5,0.14,0.32,2.7,0.037,18.0,89.0,0.9924,3.4,0.74,11.5,white
8.2,0.23,0.42,1.9,0.069,9.0,17.0,0.99376,3.21,0.54,12.3,red
7.8,0.52,0.25,1.9,0.081,14.0,38.0,0.9984,3.43,0.65,9.0,red
15.6,0.645,0.49,4.2,0.095,10.0,23.0,1.00315,2.92,0.74,11.1,red
7.5,0.705,0.24,1.8,0.36,15.0,63.0,0.9964,3.0,1.59,9.5,red
6.4,0.39,0.33,3.3,0.046,12.0,53.0,0.99294,3.36,0.62,12.2,red
6.3,0.18,0.36,1.2,0.034,26.0,111.0,0.99074,3.16,0.51,11.0,white
11.2,0.28,0.56,1.9,0.075,17.0,60.0,0.998,3.16,0.58,9.8,red
7.1,0.875,0.05,5.7,0.082,3.0,14.0,0.99808,3.4,0.52,10.2,red
6.0,0.17,0.3,7.3,0.039,39.0,104.0,0.99252,2.91,0.57,11.0,white
9.8,0.34,0.39,1.4,0.066,3.0,7.0,0.9947,3.19,0.55,11.4,red
9.7,0.55,0.17,2.9,0.087,20.0,53.0,1.0004,3.14,0.61,9.4,red
9.3,0.37,0.44,1.6,0.038,21.0,42.0,0.99526,3.24,0.81,10.8,red
10.4,0.34,0.58,3.7,0.174,6.0,16.0,0.997,3.19,0.7,11.3,red
7.0,0.13,0.37,12.85,0.042,36.0,105.0,0.99581,3.05,0.55,10.7,white
8.0,0.705,0.05,1.9,0.074,8.0,19.0,0.9962,3.34,0.95,10.5,red
9.1,0.28,0.48,1.8,0.067,26.0,46.0,0.9967,3.32,1.04,10.6,red
10.9,0.37,0.58,4.0,0.071,17.0,65.0,0.99935,3.22,0.78,10.1,red
6.0,0.34,0.66,15.9,0.046,26.0,164.0,0.9979,3.14,0.5,8.8,white
7.0,0.34,0.1,3.5,0.044,17.0,63.0,0.9937,3.01,0.39,9.2,white
5.9,0.21,0.31,1.8,0.033,45.0,142.0,0.98984,3.35,0.5,12.7,white
10.7,0.35,0.53,2.6,0.07,5.0,16.0,0.9972,3.15,0.65,11.0,red
11.5,0.45,0.5,3.0,0.078,19.0,47.0,1.0003,3.26,1.11,11.0,red
9.6,0.77,0.12,2.9,0.082,30.0,74.0,0.99865,3.3,0.64,10.4,red
7.3,0.28,0.36,12.7,0.04,38.0,140.0,0.998,3.3,0.79,9.6,white
5.7,0.36,0.34,4.2,0.026,21.0,77.0,0.9907,3.41,0.45,11.9,white
7.7,0.16,0.49,2.0,0.056,20.0,124.0,0.9948,3.32,0.49,10.7,white
6.9,0.25,0.24,1.8,0.053,6.0,121.0,0.993,3.23,0.7,11.4,white
7.8,0.4,0.26,9.5,0.059,32.0,178.0,0.9955,3.04,0.43,10.9,white
7.1,0.28,0.26,1.9,0.049,12.0,86.0,0.9934,3.15,0.38,9.4,white
6.6,0.22,0.3,14.7,0.045,50.0,136.0,0.99704,3.14,0.37,10.6,white
6.6,0.19,0.28,11.8,0.042,54.0,137.0,0.99492,3.18,0.37,10.8,white
6.3,0.21,0.29,11.7,0.048,49.0,147.0,0.99482,3.22,0.38,10.8,white
7.2,0.21,0.36,15.7,0.045,68.0,183.0,0.99922,3.25,0.76,9.4,white
7.2,0.21,0.28,2.7,0.033,38.0,94.0,0.99075,2.99,0.43,11.8,white
7.9,0.69,0.21,2.1,0.08,33.0,141.0,0.9962,3.25,0.51,9.9,red
4.7,0.6,0.17,2.3,0.058,17.0,106.0,0.9932,3.85,0.6,12.9,red
7.2,0.25,0.32,1.5,0.054,24.0,105.0,0.99154,3.17,0.48,11.1,white
7.0,0.32,0.29,7.6,0.025,35.0,124.0,0.99162,3.15,0.65,12.8,white
10.5,0.24,0.47,2.1,0.066,6.0,24.0,0.9978,3.15,0.9,11.0,red
8.0,0.33,0.53,2.5,0.091,18.0,80.0,0.9976,3.37,0.8,9.6,red
9.0,0.54,0.49,2.9,0.094,41.0,110.0,0.9982,3.08,0.61,9.2,red
6.9,0.23,0.32,16.4,0.045,62.0,153.0,0.9972,3.22,0.42,10.5,white
7.3,0.27,0.37,9.7,0.042,36.0,130.0,0.9979,3.48,0.75,9.9,white
6.3,0.1,0.24,6.0,0.039,25.0,107.0,0.99511,3.59,0.49,10.5,white
10.1,0.38,0.5,2.4,0.104,6.0,13.0,0.99643,3.22,0.65,11.6,red
7.3,0.19,0.27,13.9,0.057,45.0,155.0,0.99807,2.94,0.41,8.8,white
6.5,0.18,0.34,1.6,0.04,43.0,148.0,0.9912,3.32,0.59,11.5,white
6.2,0.25,0.25,1.4,0.03,35.0,105.0,0.9912,3.3,0.44,11.1,white
7.5,0.52,0.4,2.2,0.06,12.0,20.0,0.99474,3.26,0.64,11.8,red
6.9,0.28,0.22,10.0,0.052,36.0,131.0,0.99696,3.08,0.46,9.6,white
7.9,0.51,0.36,6.2,0.051,30.0,173.0,0.9984,3.09,0.53,9.7,white
6.4,0.57,0.14,3.9,0.07,27.0,73.0,0.99669,3.32,0.48,9.2,red
8.9,0.5,0.21,2.2,0.088,21.0,39.0,0.99692,3.33,0.83,11.1,red
7.0,0.27,0.36,20.7,0.045,45.0,170.0,1.001,3.0,0.45,8.8,white
6.5,0.46,0.14,2.4,0.114,9.0,37.0,0.99732,3.66,0.65,9.8,red
6.2,0.12,0.34,1.5,0.045,43.0,117.0,0.9939,3.42,0.51,9.0,white
6.1,0.4,0.16,1.8,0.069,11.0,25.0,0.9955,3.42,0.74,10.1,red
5.3,0.57,0.01,1.7,0.054,5.0,27.0,0.9934,3.57,0.84,12.5,red
5.3,0.47,0.11,2.2,0.048,16.0,89.0,0.99182,3.54,0.88,13.5666666666667,red
8.9,0.28,0.45,1.7,0.067,7.0,12.0,0.99354,3.25,0.55,12.3,red
7.0,0.3,0.51,13.6,0.05,40.0,168.0,0.9976,3.07,0.52,9.6,white
6.7,0.41,0.24,5.4,0.035,33.0,115.0,0.9901,3.12,0.44,12.8933333333333,white
6.5,0.16,0.33,4.8,0.043,45.0,114.0,0.992,3.18,0.44,11.2,white
6.2,0.3,0.21,1.1,0.032,31.0,111.0,0.9889,2.97,0.42,12.2,white
7.5,0.31,0.41,2.4,0.065,34.0,60.0,0.99492,3.34,0.85,11.4,red
8.8,0.64,0.17,2.9,0.084,25.0,130.0,0.99818,3.23,0.54,9.6,red
7.2,0.21,0.36,15.7,0.045,68.0,183.0,0.99922,3.25,0.76,9.4,white
7.5,0.14,0.34,1.3,0.055,50.0,153.0,0.9945,3.29,0.8,9.6,white
7.5,0.27,0.31,17.7,0.051,33.0,173.0,0.999,3.09,0.64,10.2,white
7.7,0.28,0.3,2.0,0.062,18.0,34.0,0.9952,3.28,0.9,11.3,red
6.1,0.44,0.28,4.25,0.032,43.0,132.0,0.9916,3.26,0.47,11.3,white
6.7,0.31,0.18,7.7,0.043,57.0,200.0,0.99566,3.17,0.44,9.4,white
6.4,0.56,0.15,1.8,0.078,17.0,65.0,0.99294,3.33,0.6,10.5,white
7.7,0.23,0.37,1.8,0.046,23.0,60.0,0.9971,3.41,0.71,12.1,white
9.0,0.44,0.49,2.4,0.078,26.0,121.0,0.9978,3.23,0.58,9.2,red
8.8,0.23,0.35,10.7,0.04,26.0,183.0,0.9984,2.93,0.49,9.1,white
7.1,0.6,0.0,1.8,0.074,16.0,34.0,0.9972,3.47,0.7,9.9,red
7.2,0.24,0.24,1.7,0.045,18.0,161.0,0.99196,3.25,0.53,11.2,white
6.8,0.77,0.0,1.8,0.066,34.0,52.0,0.9976,3.62,0.68,9.9,red
6.9,0.63,0.02,1.9,0.078,18.0,30.0,0.99712,3.4,0.75,9.8,red
7.0,0.44,0.24,12.1,0.056,68.0,210.0,0.99718,3.05,0.5,9.5,white
10.6,0.31,0.49,2.5,0.067,6.0,21.0,0.9987,3.26,0.86,10.7,red
7.2,0.66,0.03,2.3,0.078,16.0,86.0,0.99743,3.53,0.57,9.7,red
6.6,0.96,0.0,1.8,0.082,5.0,16.0,0.9936,3.5,0.44,11.9,red
6.4,0.57,0.02,1.8,0.067,4.0,11.0,0.997,3.46,0.68,9.5,red
8.1,0.29,0.36,2.2,0.048,35.0,53.0,0.995,3.27,1.01,12.4,white
6.8,0.32,0.21,2.2,0.044,15.0,68.0,0.9932,3.17,0.39,9.4,white
11.4,0.46,0.5,2.7,0.122,4.0,17.0,1.0006,3.13,0.7,10.2,red
9.4,0.685,0.26,2.4,0.082,23.0,143.0,0.9978,3.28,0.55,9.4,red
7.2,0.21,0.31,10.5,0.035,36.0,122.0,0.99478,3.12,0.4,10.6,white
6.2,0.2,0.31,1.0,0.031,22.0,73.0,0.99035,3.24,0.52,11.3,white
7.9,0.29,0.49,2.2,0.096,21.0,59.0,0.99714,3.31,0.67,10.1,red
6.6,0.24,0.27,15.8,0.035,46.0,188.0,0.9982,3.24,0.51,9.2,white
6.2,0.3,0.26,13.4,0.046,57.0,206.0,0.99775,3.17,0.43,9.5,white
9.4,0.395,0.46,4.6,0.094,3.0,10.0,0.99639,3.27,0.64,12.2,red
7.9,0.58,0.23,2.3,0.076,23.0,94.0,0.99686,3.21,0.58,9.5,red
8.8,0.24,0.35,1.7,0.055,13.0,27.0,0.99394,3.14,0.59,11.3,red
6.4,0.26,0.21,7.1,0.04,35.0,162.0,0.9956,3.39,0.58,9.9,white
7.0,0.685,0.0,1.9,0.067,40.0,63.0,0.9979,3.6,0.81,9.9,red
9.1,0.785,0.0,2.6,0.093,11.0,28.0,0.9994,3.36,0.86,9.4,red
8.7,0.29,0.52,1.6,0.113,12.0,37.0,0.9969,3.25,0.58,9.5,red
7.1,0.34,0.28,2.0,0.082,31.0,68.0,0.99694,3.45,0.48,9.4,red
7.0,0.45,0.34,19.8,0.04,12.0,67.0,0.9976,3.07,0.38,11.0,white
8.8,0.27,0.46,2.1,0.095,20.0,29.0,0.99488,3.26,0.56,11.3,red
7.9,0.54,0.34,2.5,0.076,8.0,17.0,0.99235,3.2,0.72,13.1,red
9.1,0.6,0.0,1.9,0.058,5.0,10.0,0.9977,3.18,0.63,10.4,red
7.4,0.64,0.17,5.4,0.168,52.0,98.0,0.99736,3.28,0.5,9.5,red
11.1,0.42,0.47,2.65,0.085,9.0,34.0,0.99736,3.24,0.77,12.1,red
7.3,0.58,0.3,2.4,0.074,15.0,55.0,0.9968,3.46,0.59,10.2,red
7.6,0.26,0.36,1.6,0.032,6.0,106.0,0.993,3.15,0.4,10.4,white
6.8,0.13,0.39,1.4,0.034,19.0,102.0,0.99121,3.23,0.6,11.3,white
6.1,0.22,0.31,1.4,0.039,40.0,129.0,0.99193,3.45,0.59,10.9,white
6.7,0.64,0.23,2.1,0.08,11.0,119.0,0.99538,3.36,0.7,10.9,red
6.4,0.15,0.29,1.8,0.044,21.0,115.0,0.99166,3.1,0.38,10.2,white
8.3,0.36,0.57,15.0,0.052,35.0,256.0,1.0001,2.93,0.64,8.6,white
7.2,0.23,0.32,8.5,0.058,47.0,186.0,0.9956,3.19,0.4,9.9,white
5.4,0.42,0.27,2.0,0.092,23.0,55.0,0.99471,3.78,0.64,12.3,red
8.3,0.65,0.1,2.9,0.089,17.0,40.0,0.99803,3.29,0.55,9.5,red
7.0,0.65,0.02,2.1,0.066,8.0,25.0,0.9972,3.47,0.67,9.5,red
8.0,0.19,0.3,2.0,0.053,48.0,140.0,0.994,3.18,0.49,9.6,white
8.3,0.56,0.22,2.4,0.082,10.0,86.0,0.9983,3.37,0.62,9.5,red
7.2,0.31,0.41,8.6,0.053,15.0,89.0,0.9976,3.29,0.64,9.9,white
7.8,0.63,0.48,1.7,0.1,14.0,96.0,0.9961,3.19,0.62,9.5,red
6.5,0.46,0.31,5.0,0.027,15.0,72.0,0.99165,3.26,0.6,11.5,white
7.1,0.26,0.32,14.45,0.074,29.0,107.0,0.998,2.96,0.42,9.2,white
9.5,0.59,0.44,2.3,0.071,21.0,68.0,0.9992,3.46,0.63,9.5,red
7.2,0.655,0.03,1.8,0.078,7.0,12.0,0.99587,3.34,0.39,9.5,red
6.8,0.18,0.3,12.8,0.062,19.0,171.0,0.99808,3.0,0.52,9.0,white
6.9,0.38,0.25,9.8,0.04,28.0,191.0,0.9971,3.28,0.61,9.2,white
7.8,0.54,0.26,2.0,0.088,23.0,48.0,0.9981,3.41,0.74,9.2,red
5.2,0.285,0.29,5.15,0.035,64.0,138.0,0.9895,3.19,0.34,12.4,white
8.3,1.02,0.02,3.4,0.084,6.0,11.0,0.99892,3.48,0.49,11.0,red
6.9,0.3,0.33,4.1,0.035,26.0,155.0,0.9925,3.25,0.79,12.3,white
6.6,0.23,0.32,0.9,0.041,25.0,79.0,0.9926,3.39,0.54,10.2,white
6.7,0.5,0.63,13.4,0.078,81.0,238.0,0.9988,3.08,0.44,9.2,white
9.0,0.4,0.41,2.0,0.058,15.0,40.0,0.99414,3.22,0.6,12.2,red
10.4,0.52,0.45,2.0,0.08,6.0,13.0,0.99774,3.22,0.76,11.4,red
9.4,0.685,0.11,2.7,0.077,6.0,31.0,0.9984,3.19,0.7,10.1,red
6.5,0.18,0.26,1.4,0.041,40.0,141.0,0.9941,3.34,0.72,9.5,white
6.2,0.56,0.09,1.7,0.053,24.0,32.0,0.99402,3.54,0.6,11.3,red
8.9,0.59,0.39,2.3,0.095,5.0,22.0,0.9986,3.37,0.58,10.3,red
7.7,0.26,0.26,2.0,0.052,19.0,77.0,0.9951,3.15,0.79,10.9,white
6.8,0.21,0.27,2.1,0.03,26.0,139.0,0.99,3.16,0.61,12.6,white
10.0,0.49,0.2,11.0,0.071,13.0,50.0,1.0015,3.16,0.69,9.2,red
6.5,0.46,0.24,11.5,0.051,56.0,171.0,0.99588,3.08,0.56,9.8,white
6.8,0.28,0.34,7.5,0.035,34.0,177.0,0.99692,3.33,0.43,9.1,white
6.1,0.16,0.37,1.1,0.031,37.0,97.0,0.9922,3.4,0.58,10.5,white
6.3,0.18,0.24,3.4,0.053,20.0,119.0,0.99373,3.11,0.52,9.2,white
7.2,0.32,0.47,5.1,0.044,19.0,65.0,0.991,3.03,0.41,12.6,white
7.8,0.22,0.38,10.3,0.059,28.0,99.0,0.9967,3.12,0.47,10.0,white
7.2,0.26,0.32,10.4,0.062,23.0,114.0,0.9966,3.23,0.49,10.5,white
8.9,0.13,0.49,1.0,0.028,6.0,24.0,0.9926,2.91,0.32,9.9,white
7.8,0.645,0.0,5.5,0.086,5.0,18.0,0.9986,3.4,0.55,9.6,red
7.6,0.49,0.33,1.9,0.074,27.0,85.0,0.99706,3.41,0.58,9.0,red
6.9,0.41,0.33,2.2,0.081,22.0,36.0,0.9949,3.41,0.75,11.1,red
6.1,0.17,0.27,1.5,0.056,45.0,135.0,0.9924,3.2,0.43,10.2,white
7.1,0.26,0.34,14.4,0.067,35.0,189.0,0.9986,3.07,0.53,9.1,white
8.9,0.38,0.4,2.2,0.068,12.0,28.0,0.99486,3.27,0.75,12.6,red
7.9,0.72,0.17,2.6,0.096,20.0,38.0,0.9978,3.4,0.53,9.5,red
6.8,0.18,0.37,1.5,0.027,37.0,93.0,0.992,3.3,0.45,10.8,white
10.5,0.59,0.49,2.1,0.07,14.0,47.0,0.9991,3.3,0.56,9.6,red
7.3,0.25,0.36,13.1,0.05,35.0,200.0,0.9986,3.04,0.46,8.9,white
5.5,0.14,0.27,4.6,0.029,22.0,104.0,0.9949,3.34,0.44,9.0,white
7.6,0.51,0.15,2.8,0.11,33.0,73.0,0.9955,3.17,0.63,10.2,red
15.5,0.645,0.49,4.2,0.095,10.0,23.0,1.00315,2.92,0.74,11.1,red
6.9,0.28,0.24,2.1,0.034,49.0,121.0,0.98882,2.98,0.43,13.2,white
6.0,0.2,0.33,1.1,0.039,45.0,126.0,0.99051,3.31,0.45,11.6,white
8.0,0.25,0.13,17.2,0.036,49.0,219.0,0.9996,2.96,0.46,9.7,white
6.3,0.36,0.28,2.5,0.035,18.0,73.0,0.98868,3.1,0.47,12.8,white
6.2,0.19,0.38,5.1,0.019,22.0,82.0,0.98961,3.05,0.36,12.5,white
7.8,0.43,0.7,1.9,0.464,22.0,67.0,0.9974,3.13,1.28,9.4,red
6.8,0.24,0.34,2.7,0.047,64.5,218.5,0.9934,3.3,0.58,9.7,white
7.7,0.26,0.3,1.7,0.059,20.0,38.0,0.9949,3.29,0.47,10.8,red
10.0,0.42,0.5,3.4,0.107,7.0,21.0,0.9979,3.26,0.93,11.8,red
6.6,0.29,0.39,6.75,0.031,22.0,98.0,0.9913,3.15,0.8,12.9,white
11.6,0.44,0.64,2.1,0.059,5.0,15.0,0.998,3.21,0.67,10.2,red
9.4,0.43,0.24,2.8,0.092,14.0,45.0,0.998,3.19,0.73,10.0,red
6.3,0.28,0.3,6.6,0.208,60.0,154.0,0.99478,3.1,0.4,9.4,white
6.0,0.17,0.21,6.0,0.05,26.0,134.0,0.9939,3.08,0.54,9.8,white
8.3,0.845,0.01,2.2,0.07,5.0,14.0,0.9967,3.32,0.58,11.0,red
7.9,0.765,0.0,2.0,0.084,9.0,22.0,0.99619,3.33,0.68,10.9,red
7.2,0.19,0.31,1.6,0.062,31.0,173.0,0.9917,3.35,0.44,11.7,red
7.8,0.58,0.02,2.0,0.073,9.0,18.0,0.9968,3.36,0.57,9.5,red
8.0,0.25,0.49,1.2,0.061,27.0,117.0,0.9938,3.08,0.34,9.4,red
5.4,0.58,0.08,1.9,0.059,20.0,31.0,0.99484,3.5,0.64,10.2,red
7.3,0.73,0.24,1.9,0.108,18.0,102.0,0.9967,3.26,0.59,9.3,red
8.0,0.45,0.36,8.8,0.026,50.0,151.0,0.9927,3.07,0.25,12.7,white
9.0,0.45,0.49,2.6,0.084,21.0,75.0,0.9987,3.35,0.57,9.7,red
7.5,0.38,0.57,2.3,0.106,5.0,12.0,0.99605,3.36,0.55,11.4,red
7.4,0.21,0.3,7.9,0.039,14.0,118.0,0.9942,2.96,0.34,10.4,white
6.0,0.2,0.26,1.1,0.033,38.0,67.0,0.98954,3.14,0.38,11.5,white
6.3,0.6,0.44,11.0,0.05,50.0,245.0,0.9972,3.19,0.57,9.3,white
8.7,0.41,0.41,6.2,0.078,25.0,42.0,0.9953,3.24,0.77,12.6,red
7.1,0.21,0.32,2.2,0.037,28.0,141.0,0.993,3.2,0.57,10.0,white
8.8,0.48,0.41,3.3,0.092,26.0,52.0,0.9982,3.31,0.53,10.5,red
6.2,0.16,0.34,1.7,0.038,85.0,153.0,0.9909,3.33,0.86,12.0,white
5.8,0.28,0.18,1.2,0.058,7.0,108.0,0.99288,3.23,0.58,9.55,white
7.7,0.54,0.26,1.9,0.089,23.0,147.0,0.99636,3.26,0.59,9.7,red
7.8,0.46,0.26,1.9,0.088,23.0,53.0,0.9981,3.43,0.74,9.2,red
7.2,0.63,0.03,2.2,0.08,17.0,88.0,0.99745,3.53,0.58,9.8,red
7.4,0.31,0.26,8.6,0.048,47.0,206.0,0.9964,3.26,0.36,9.1,white
7.4,0.28,0.36,1.1,0.028,42.0,105.0,0.9893,2.99,0.39,12.4,white
7.5,0.61,0.2,1.7,0.076,36.0,60.0,0.99494,3.1,0.4,9.3,red
8.0,0.71,0.0,2.6,0.08,11.0,34.0,0.9976,3.44,0.53,9.5,red
8.0,0.32,0.36,4.6,0.042,56.0,178.0,0.9928,3.29,0.47,12.0,white
7.1,0.62,0.06,1.3,0.07,5.0,12.0,0.9942,3.17,0.48,9.8,red
6.3,0.48,0.04,1.1,0.046,30.0,99.0,0.9928,3.24,0.36,9.6,white
6.5,0.63,0.33,1.8,0.059,16.0,28.0,0.99531,3.36,0.64,10.1,red
7.1,0.21,0.31,3.8,0.021,40.0,142.0,0.99215,3.17,0.39,10.8,white
7.6,0.39,0.31,2.3,0.082,23.0,71.0,0.9982,3.52,0.65,9.7,red
6.5,0.32,0.48,8.0,0.026,18.0,88.0,0.99144,3.22,0.79,12.7,white
5.9,0.44,0.36,2.5,0.03,12.0,73.0,0.99201,3.22,0.48,10.8,white
7.6,0.31,0.26,1.7,0.073,40.0,157.0,0.9938,3.1,0.46,9.8,white
10.0,0.23,0.27,14.1,0.033,45.0,166.0,0.9988,2.72,0.43,9.7,white
7.2,0.2,0.3,2.0,0.039,43.0,188.0,0.9911,3.3,0.41,12.0,white
9.7,0.295,0.4,1.5,0.073,14.0,21.0,0.99556,3.14,0.51,10.9,red
7.2,0.34,0.44,4.2,0.047,51.0,144.0,0.991,3.01,0.76,12.3,white
8.0,0.67,0.3,2.0,0.06,38.0,62.0,0.9958,3.26,0.56,10.2,red
6.9,0.48,0.2,1.9,0.082,9.0,23.0,0.99585,3.39,0.43,9.05,red
8.5,0.47,0.27,1.9,0.058,18.0,38.0,0.99518,3.16,0.85,11.1,red
7.4,0.37,0.26,9.6,0.05,33.0,134.0,0.99608,3.13,0.46,10.4,white
6.4,0.57,0.12,2.3,0.12,25.0,36.0,0.99519,3.47,0.71,11.3,red
11.6,0.23,0.57,1.8,0.074,3.0,8.0,0.9981,3.14,0.7,9.9,red
8.2,0.42,0.29,4.1,0.03,31.0,100.0,0.9911,3.0,0.32,12.8,white
8.4,0.52,0.22,2.7,0.084,4.0,18.0,0.99682,3.26,0.57,9.9,red
5.6,0.85,0.05,1.4,0.045,12.0,88.0,0.9924,3.56,0.82,12.9,red
7.3,0.28,0.37,1.2,0.039,26.0,99.0,0.99198,3.01,0.62,10.8,white
7.0,0.25,0.45,2.3,0.045,40.0,118.0,0.99064,3.16,0.48,11.9,white
8.2,0.34,0.38,2.5,0.08,12.0,57.0,0.9978,3.3,0.47,9.0,red
7.5,0.51,0.02,1.7,0.084,13.0,31.0,0.99538,3.36,0.54,10.5,red
6.2,0.21,0.27,1.7,0.038,41.0,150.0,0.9933,3.49,0.71,10.5,white
6.6,0.63,0.0,4.3,0.093,51.0,77.5,0.99558,3.2,0.45,9.5,red
6.6,0.32,0.33,2.5,0.052,40.0,210.0,0.99316,3.15,0.6,10.0,white
7.5,0.24,0.29,1.1,0.046,34.0,84.0,0.9902,3.04,0.39,11.45,white
6.6,0.695,0.0,2.1,0.075,12.0,56.0,0.9968,3.49,0.67,9.2,red
6.2,0.6,0.08,2.0,0.09,32.0,44.0,0.9949,3.45,0.58,10.5,red
7.7,0.34,0.27,8.8,0.063,39.0,184.0,0.9969,3.09,0.63,9.2,white
6.5,0.28,0.28,20.4,0.041,40.0,144.0,1.0002,3.14,0.38,8.7,white
9.1,0.59,0.38,1.6,0.066,34.0,182.0,0.9968,3.23,0.38,8.5,white
6.7,0.16,0.36,2.0,0.045,24.0,131.0,0.99284,3.3,0.59,10.5,white
7.0,0.35,0.31,1.8,0.069,15.0,162.0,0.9944,3.18,0.47,9.4,white
8.2,0.2,0.49,3.5,0.057,14.0,108.0,0.9928,3.19,0.35,11.5,white
8.8,0.37,0.48,2.1,0.097,39.0,145.0,0.9975,3.04,1.03,9.3,red
9.8,0.39,0.43,1.65,0.068,5.0,11.0,0.99478,3.19,0.46,11.4,red
9.2,0.58,0.2,3.0,0.081,15.0,115.0,0.998,3.23,0.59,9.5,red
8.2,0.2,0.49,3.5,0.057,14.0,108.0,0.9928,3.19,0.35,11.5,white
6.1,0.32,0.25,2.3,0.071,23.0,58.0,0.99633,3.42,0.97,10.6,red
6.4,0.29,0.2,15.6,0.04,20.0,142.0,0.9962,3.1,0.54,10.6,white
11.9,0.38,0.49,2.7,0.098,12.0,42.0,1.0004,3.16,0.61,10.3,red
7.0,0.2,0.34,5.7,0.035,32.0,83.0,0.9928,3.19,0.46,11.5,white
6.3,0.2,0.37,11.8,0.045,58.0,130.0,0.99519,3.2,0.35,10.8,white
8.6,0.685,0.1,1.6,0.092,3.0,12.0,0.99745,3.31,0.65,9.55,red
12.3,0.27,0.49,3.1,0.079,28.0,46.0,0.9993,3.2,0.8,10.2,red
5.7,0.24,0.47,6.3,0.069,35.0,182.0,0.99391,3.11,0.46,9.73333333333333,white
5.8,0.19,0.49,4.9,0.04,44.0,118.0,0.9935,3.34,0.38,9.5,white
5.4,0.74,0.09,1.7,0.089,16.0,26.0,0.99402,3.67,0.56,11.6,red
8.2,0.64,0.27,2.0,0.095,5.0,77.0,0.99747,3.13,0.62,9.1,red
7.8,0.31,0.4,1.6,0.027,20.0,87.0,0.9911,3.15,0.48,11.9,white
6.8,0.47,0.08,2.2,0.064,18.0,38.0,0.99553,3.3,0.65,9.6,red
7.1,0.68,0.07,1.9,0.075,16.0,51.0,0.99685,3.38,0.52,9.5,red
6.7,0.24,0.26,5.4,0.03,15.0,94.0,0.99045,3.15,0.38,12.7,white
7.7,0.6,0.06,2.0,0.079,19.0,41.0,0.99697,3.39,0.62,10.1,red
10.2,0.36,0.64,2.9,0.122,10.0,41.0,0.998,3.23,0.66,12.5,red
13.3,0.29,0.75,2.8,0.084,23.0,43.0,0.9986,3.04,0.68,11.4,red
7.6,0.17,0.27,4.6,0.05,23.0,98.0,0.99422,3.08,0.47,9.5,white
6.0,0.49,0.0,2.3,0.068,15.0,33.0,0.99292,3.58,0.59,12.5,red
9.4,0.615,0.28,3.2,0.087,18.0,72.0,1.0001,3.31,0.53,9.7,red
7.7,0.46,0.18,3.3,0.054,18.0,143.0,0.99392,3.12,0.51,10.8,white
9.4,0.33,0.59,2.8,0.079,9.0,30.0,0.9976,3.12,0.54,12.0,red
9.5,0.37,0.52,2.0,0.082,6.0,26.0,0.998,3.18,0.51,9.5,red
5.2,0.645,0.0,2.15,0.08,15.0,28.0,0.99444,3.78,0.61,12.5,red
6.9,0.44,0.27,5.0,0.038,33.0,166.0,0.99124,3.2,0.42,12.2,white
6.3,0.3,0.34,1.6,0.049,14.0,132.0,0.994,3.3,0.49,9.5,white
7.1,0.6,0.01,2.3,0.079,24.0,37.0,0.99514,3.4,0.61,10.9,red
6.6,0.22,0.28,4.9,0.042,51.0,180.0,0.9952,3.3,0.75,9.5,white
8.2,0.38,0.32,2.5,0.08,24.0,71.0,0.99624,3.27,0.85,11.0,red
7.1,0.43,0.42,5.5,0.07,29.0,129.0,0.9973,3.42,0.72,10.5,red
5.4,0.22,0.29,1.2,0.045,69.0,152.0,0.99178,3.76,0.63,11.0,white
10.6,0.42,0.48,2.7,0.065,5.0,18.0,0.9972,3.21,0.87,11.3,red
7.9,0.18,0.36,5.9,0.058,31.0,132.0,0.995,3.25,0.52,10.9,white
6.5,0.29,0.42,10.6,0.042,66.0,202.0,0.99674,3.24,0.53,9.5,white
8.7,0.33,0.38,3.3,0.063,10.0,19.0,0.99468,3.3,0.73,12.0,red
8.8,0.42,0.21,2.5,0.092,33.0,88.0,0.99823,3.19,0.52,9.2,red
7.8,0.25,0.34,13.7,0.044,66.0,184.0,0.99976,3.22,0.75,8.9,white
6.4,0.16,0.22,1.4,0.04,41.0,149.0,0.9933,3.49,0.58,10.0,white
6.0,0.64,0.05,1.9,0.066,9.0,17.0,0.99496,3.52,0.78,10.6,red
7.9,0.4,0.3,1.8,0.157,2.0,45.0,0.99727,3.31,0.91,9.5,red
15.5,0.645,0.49,4.2,0.095,10.0,23.0,1.00315,2.92,0.74,11.1,red
6.8,0.66,0.07,1.6,0.07,16.0,61.0,0.99572,3.29,0.6,9.3,red
8.5,0.37,0.32,1.8,0.066,26.0,51.0,0.99456,3.38,0.72,11.8,red
6.0,0.25,0.28,7.7,0.053,37.0,132.0,0.99489,3.06,0.5,9.4,white
6.7,0.34,0.31,16.4,0.051,20.0,146.0,0.99834,3.06,0.54,9.1,white
7.1,0.71,0.0,1.9,0.08,14.0,35.0,0.9972,3.47,0.55,9.4,red
8.7,0.52,0.09,2.5,0.091,20.0,49.0,0.9976,3.34,0.86,10.6,red
8.1,0.25,0.34,10.1,0.05,30.0,121.0,0.99724,3.17,0.49,10.1,white
6.3,0.36,0.19,3.2,0.075,15.0,39.0,0.9956,3.56,0.52,12.7,red
6.9,0.35,0.39,2.4,0.048,25.0,157.0,0.99133,3.2,0.54,11.1,white
7.9,0.69,0.21,2.1,0.08,33.0,141.0,0.9962,3.25,0.51,9.9,red
7.2,0.2,0.61,16.2,0.043,14.0,103.0,0.9987,3.06,0.36,9.2,white
8.9,0.31,0.57,2.0,0.111,26.0,85.0,0.9971,3.26,0.53,9.7,red
7.6,0.36,0.48,13.5,0.038,44.0,116.0,0.9982,3.04,0.48,9.2,white
7.3,0.26,0.3,9.3,0.05,35.0,154.0,0.99581,3.21,0.5,10.4,white
7.1,0.29,0.3,16.0,0.036,58.0,201.0,0.99954,3.3,0.67,9.0,white
6.4,0.36,0.21,2.2,0.047,26.0,48.0,0.99661,3.47,0.77,9.7,red
6.4,0.26,0.25,10.7,0.046,66.0,179.0,0.99606,3.17,0.55,9.9,white
5.6,0.34,0.1,1.3,0.031,20.0,68.0,0.9906,3.36,0.51,11.2,white
7.5,0.33,0.38,8.7,0.126,49.0,199.0,0.99711,2.98,0.57,9.4,white
11.8,0.38,0.55,2.1,0.071,5.0,19.0,0.9986,3.11,0.62,10.8,red
5.2,0.34,0.0,1.8,0.05,27.0,63.0,0.9916,3.68,0.79,14.0,white
10.2,0.24,0.49,2.4,0.075,10.0,28.0,0.9978,3.14,0.61,10.4,red
7.7,0.39,0.12,1.7,0.097,19.0,27.0,0.99596,3.16,0.49,9.4,red
5.6,0.15,0.26,5.55,0.051,51.0,139.0,0.99336,3.47,0.5,11.0,white
5.8,0.3,0.09,6.3,0.042,36.0,138.0,0.99382,3.15,0.48,9.7,white
6.6,0.26,0.27,11.8,0.048,28.0,112.0,0.99606,2.87,0.49,9.7,white
6.4,0.35,0.28,1.6,0.037,31.0,113.0,0.98779,3.12,0.4,14.2,white
8.2,0.39,0.49,2.3,0.099,47.0,133.0,0.9979,3.38,0.99,9.8,red
7.3,0.32,0.34,6.6,0.032,24.0,112.0,0.99505,3.22,0.46,9.8,white
6.8,0.11,0.27,8.6,0.044,45.0,104.0,0.99454,3.2,0.37,9.9,white
5.0,0.44,0.04,18.6,0.039,38.0,128.0,0.9985,3.37,0.57,10.2,white
5.8,0.15,0.32,1.2,0.037,14.0,119.0,0.99137,3.19,0.5,10.2,white
7.7,0.775,0.42,1.9,0.092,8.0,86.0,0.9959,3.23,0.59,9.5,red
8.4,0.25,0.39,2.0,0.041,4.0,10.0,0.99386,3.27,0.71,12.5,red
7.2,0.3,0.26,1.5,0.041,46.0,178.0,0.99154,3.19,0.56,11.3,white
6.9,0.28,0.37,9.1,0.037,16.0,76.0,0.9948,3.05,0.54,11.1,white
7.1,0.56,0.14,1.6,0.078,7.0,18.0,0.99592,3.27,0.62,9.3,red
6.6,0.21,0.39,2.3,0.041,31.0,102.0,0.99221,3.22,0.58,10.9,white
7.1,0.46,0.2,1.9,0.077,28.0,54.0,0.9956,3.37,0.64,10.4,red
8.7,0.625,0.16,2.0,0.101,13.0,49.0,0.9962,3.14,0.57,11.0,red
9.3,0.43,0.44,1.9,0.085,9.0,22.0,0.99708,3.28,0.55,9.5,red
7.4,0.25,0.36,2.05,0.05,31.0,100.0,0.992,3.19,0.44,10.8,white
6.7,0.62,0.21,1.9,0.079,8.0,62.0,0.997,3.52,0.58,9.3,red
5.1,0.29,0.28,8.3,0.026,27.0,107.0,0.99308,3.36,0.37,11.0,white
6.3,0.25,0.22,3.3,0.048,41.0,161.0,0.99256,3.16,0.5,10.5,white
9.9,0.63,0.24,2.4,0.077,6.0,33.0,0.9974,3.09,0.57,9.4,red
5.9,0.3,0.29,1.1,0.036,23.0,56.0,0.9904,3.19,0.38,11.3,white
6.7,0.56,0.09,2.9,0.079,7.0,22.0,0.99669,3.46,0.61,10.2,red
8.7,0.34,0.46,13.8,0.055,68.0,198.0,0.9988,3.36,0.37,9.5,white
6.8,0.59,0.1,1.7,0.063,34.0,53.0,0.9958,3.41,0.67,9.7,red
7.6,0.5,0.29,2.3,0.086,5.0,14.0,0.99502,3.32,0.62,11.5,red
6.3,0.23,0.21,5.1,0.035,29.0,142.0,0.9942,3.36,0.33,10.1,white
7.3,0.19,0.27,13.9,0.057,45.0,155.0,0.99807,2.94,0.41,8.8,white
7.8,0.24,0.32,12.2,0.054,42.0,138.0,0.9984,3.01,0.54,8.8,white
6.5,0.58,0.0,2.2,0.096,3.0,13.0,0.99557,3.62,0.62,11.5,red
6.4,0.105,0.29,1.1,0.035,44.0,140.0,0.99142,3.17,0.55,10.7,white
6.2,0.34,0.29,7.6,0.047,45.0,232.0,0.9955,3.35,0.62,10.0,white
7.9,0.19,0.26,2.1,0.039,8.0,143.0,0.9942,3.05,0.74,9.8,white
9.5,0.57,0.27,2.3,0.082,23.0,144.0,0.99782,3.27,0.55,9.4,red
11.4,0.625,0.66,6.2,0.088,6.0,24.0,0.9988,3.11,0.99,13.3,red
6.4,0.29,0.3,2.9,0.036,25.0,79.0,0.99037,3.29,0.6,12.4,white
7.4,0.25,0.29,2.2,0.054,19.0,49.0,0.99666,3.4,0.76,10.9,red
7.9,0.49,0.32,1.9,0.082,17.0,144.0,0.9968,3.2,0.55,9.5,red
7.8,0.64,0.1,6.0,0.115,5.0,11.0,0.9984,3.37,0.69,10.1,red
8.0,1.18,0.21,1.9,0.083,14.0,41.0,0.99532,3.34,0.47,10.5,red
5.6,0.31,0.37,1.4,0.074,12.0,96.0,0.9954,3.32,0.58,9.2,white
7.6,0.27,0.33,2.0,0.059,19.0,175.0,0.9944,3.22,0.56,9.9,white
8.9,0.48,0.53,4.0,0.101,3.0,10.0,0.99586,3.21,0.59,12.1,red
10.5,0.24,0.47,2.1,0.066,6.0,24.0,0.9978,3.15,0.9,11.0,red
9.5,0.86,0.26,1.9,0.079,13.0,28.0,0.99712,3.25,0.62,10.0,red
7.5,0.24,0.31,13.0,0.049,46.0,217.0,0.9985,3.08,0.53,8.8,white
6.8,0.27,0.37,8.2,0.055,52.0,192.0,0.99586,3.11,0.52,9.5,white
7.2,0.23,0.25,18.8,0.085,19.0,111.0,1.00044,3.1,0.51,8.7,white
7.3,0.28,0.35,1.6,0.054,31.0,148.0,0.99178,3.18,0.47,10.7,white
8.0,0.64,0.22,2.4,0.094,5.0,33.0,0.99612,3.37,0.58,11.0,red
6.2,0.17,0.28,4.7,0.037,39.0,133.0,0.9931,3.41,0.46,10.8,white
8.5,0.49,0.11,2.3,0.084,9.0,67.0,0.9968,3.17,0.53,9.4,red
7.7,0.915,0.12,2.2,0.143,7.0,23.0,0.9964,3.35,0.65,10.2,red
11.3,0.62,0.67,5.2,0.086,6.0,19.0,0.9988,3.22,0.69,13.4,red
6.5,0.32,0.23,1.2,0.054,39.0,208.0,0.99272,3.18,0.46,9.9,white
8.9,0.61,0.49,2.0,0.27,23.0,110.0,0.9972,3.12,1.02,9.3,red
7.3,0.25,0.41,1.8,0.037,52.0,165.0,0.9911,3.29,0.39,12.2,white
7.2,0.695,0.13,2.0,0.076,12.0,20.0,0.99546,3.29,0.54,10.1,red
10.4,0.33,0.63,2.8,0.084,5.0,22.0,0.9998,3.26,0.74,11.2,red
5.1,0.31,0.3,0.9,0.037,28.0,152.0,0.992,3.54,0.56,10.1,white
5.7,0.23,0.25,7.95,0.042,16.0,108.0,0.99486,3.44,0.61,10.3,white
5.6,0.225,0.24,9.8,0.054,59.0,140.0,0.99545,3.17,0.39,10.2,white
6.4,0.38,0.14,2.2,0.038,15.0,25.0,0.99514,3.44,0.65,11.1,red
7.4,0.19,0.31,14.5,0.045,39.0,193.0,0.9986,3.1,0.5,9.2,white
6.6,0.44,0.09,2.2,0.063,9.0,18.0,0.99444,3.42,0.69,11.3,red
7.3,0.33,0.47,2.1,0.077,5.0,11.0,0.9958,3.33,0.53,10.3,red
6.2,0.3,0.17,2.8,0.04,24.0,125.0,0.9939,3.01,0.46,9.0,white
8.0,0.42,0.36,5.0,0.037,34.0,101.0,0.992,3.13,0.57,12.3,white
6.5,0.24,0.28,1.1,0.034,26.0,83.0,0.98928,3.25,0.33,12.3,white
7.3,0.48,0.32,2.1,0.062,31.0,54.0,0.99728,3.3,0.65,10.0,red
6.6,0.22,0.35,1.4,0.05,23.0,83.0,0.99019,3.17,0.48,12.0,white
9.1,0.66,0.15,3.2,0.097,9.0,59.0,0.99976,3.28,0.54,9.6,red
6.2,0.56,0.09,1.7,0.053,24.0,32.0,0.99402,3.54,0.6,11.3,red
6.8,0.18,0.32,7.2,0.047,17.0,109.0,0.99498,3.42,0.44,10.4,white
7.8,0.56,0.19,2.1,0.081,15.0,105.0,0.9962,3.33,0.54,9.5,red
6.5,0.23,0.2,7.5,0.05,44.0,179.0,0.99504,3.18,0.48,9.53333333333333,white
9.5,0.21,0.47,1.3,0.039,21.0,123.0,0.9959,2.9,0.64,9.5,white
5.0,0.24,0.34,1.1,0.034,49.0,158.0,0.98774,3.32,0.32,13.1,white
6.4,0.16,0.28,2.2,0.042,33.0,93.0,0.9914,3.31,0.43,11.1,white
6.9,0.765,0.02,2.3,0.063,35.0,63.0,0.9975,3.57,0.78,9.9,red
8.0,0.48,0.34,2.2,0.073,16.0,25.0,0.9936,3.28,0.66,12.4,red
9.3,0.39,0.4,2.6,0.073,10.0,26.0,0.9984,3.34,0.75,10.2,red
6.7,0.13,0.32,3.7,0.017,32.0,99.0,0.99348,3.12,0.44,10.0,white
8.3,0.6,0.25,2.2,0.118,9.0,38.0,0.99616,3.15,0.53,9.8,red
7.4,0.965,0.0,2.2,0.088,16.0,32.0,0.99756,3.58,0.67,10.2,red
9.9,0.35,0.55,2.1,0.062,5.0,14.0,0.9971,3.26,0.79,10.6,red
7.2,0.415,0.36,2.0,0.081,13.0,45.0,0.9972,3.48,0.64,9.2,red
7.6,0.23,0.29,8.6,0.053,65.0,146.0,0.9963,3.11,0.32,9.8,white
6.2,0.22,0.28,2.2,0.04,24.0,125.0,0.9917,3.19,0.48,10.5,white
7.5,0.22,0.33,6.7,0.036,45.0,138.0,0.9939,3.2,0.68,11.4,white
7.3,0.39,0.31,2.4,0.074,9.0,46.0,0.9962,3.41,0.54,9.4,red
6.3,0.28,0.24,8.45,0.031,32.0,172.0,0.9958,3.39,0.57,9.7,white
9.7,0.53,0.6,2.0,0.039,5.0,19.0,0.99585,3.3,0.86,12.4,red
6.0,0.54,0.06,1.8,0.05,38.0,89.0,0.99236,3.3,0.5,10.55,white
6.6,0.725,0.2,7.8,0.073,29.0,79.0,0.9977,3.29,0.54,9.2,red
7.4,0.18,0.4,1.6,0.047,22.0,102.0,0.9937,3.28,0.44,10.7,white
7.7,0.29,0.48,2.3,0.049,36.0,178.0,0.9931,3.17,0.64,10.6,white
7.1,0.34,0.32,2.0,0.051,29.0,130.0,0.99354,3.3,0.5,10.4,white
6.5,0.885,0.0,2.3,0.166,6.0,12.0,0.99551,3.56,0.51,10.8,red
6.9,0.36,0.25,2.4,0.098,5.0,16.0,0.9964,3.41,0.6,10.1,red
7.4,0.16,0.3,13.7,0.056,33.0,168.0,0.99825,2.9,0.44,8.7,white
6.9,0.84,0.21,4.1,0.074,16.0,65.0,0.99842,3.53,0.72,9.25,red
5.0,0.42,0.24,2.0,0.06,19.0,50.0,0.9917,3.72,0.74,14.0,red
6.7,0.18,0.28,10.2,0.039,29.0,115.0,0.99469,3.11,0.45,10.9,white
8.0,0.2,0.36,1.2,0.032,21.0,78.0,0.9921,3.08,0.37,10.4,white
6.2,0.37,0.22,8.3,0.025,36.0,216.0,0.9964,3.33,0.6,9.6,white
7.2,0.57,0.06,1.6,0.076,9.0,27.0,0.9972,3.36,0.7,9.6,red
6.7,0.34,0.26,1.9,0.038,58.0,138.0,0.9893,3.0,0.47,12.2,white
8.0,0.57,0.39,3.9,0.034,22.0,122.0,0.9917,3.29,0.67,12.8,white
6.6,0.23,0.32,1.5,0.041,8.0,72.0,0.98949,3.22,0.39,12.7,white
7.8,0.32,0.33,2.4,0.037,18.0,101.0,0.9912,3.21,0.65,11.7,white
10.2,0.29,0.65,2.4,0.075,6.0,17.0,0.99565,3.22,0.63,11.8,red
6.9,0.49,0.1,2.3,0.074,12.0,30.0,0.9959,3.42,0.58,10.2,red
6.8,0.35,0.53,10.1,0.053,37.0,151.0,0.9963,3.07,0.4,9.4,white
7.0,0.78,0.08,2.0,0.093,10.0,19.0,0.9956,3.4,0.47,10.0,red
7.2,0.28,0.54,16.7,0.045,54.0,200.0,0.999,3.08,0.49,9.5,white
6.8,0.32,0.43,1.6,0.05,4.0,65.0,0.99346,3.27,0.47,10.7,white
8.2,0.31,0.4,2.2,0.058,6.0,10.0,0.99536,3.31,0.68,11.2,red
6.9,0.49,0.19,1.7,0.079,13.0,26.0,0.99547,3.38,0.64,9.8,red
7.1,0.43,0.42,5.5,0.071,28.0,128.0,0.9973,3.42,0.71,10.5,red
6.2,0.32,0.32,2.2,0.036,15.0,70.0,0.9899,3.16,0.48,12.7,white
7.3,0.48,0.32,2.1,0.062,31.0,54.0,0.99728,3.3,0.65,10.0,red
7.0,0.22,0.3,1.8,0.065,16.0,20.0,0.99672,3.61,0.82,10.0,red
7.9,0.545,0.06,4.0,0.087,27.0,61.0,0.9965,3.36,0.67,10.7,red
8.0,0.29,0.49,11.7,0.035,40.0,131.0,0.9958,3.14,0.34,10.8,white
6.9,0.605,0.12,10.7,0.073,40.0,83.0,0.9993,3.45,0.52,9.4,red
7.4,0.18,0.3,8.8,0.064,26.0,103.0,0.9961,2.94,0.56,9.3,white
6.9,0.63,0.01,2.4,0.076,14.0,39.0,0.99522,3.34,0.53,10.8,red
7.0,0.5,0.25,2.0,0.07,3.0,22.0,0.9963,3.25,0.63,9.2,red
10.8,0.32,0.44,1.6,0.063,16.0,37.0,0.9985,3.22,0.78,10.0,red
8.0,0.26,0.28,4.8,0.05,34.0,150.0,0.99437,3.13,0.5,10.0,white
7.0,0.13,0.37,12.85,0.042,36.0,105.0,0.99581,3.05,0.55,10.7,white
6.6,0.58,0.02,2.0,0.062,37.0,53.0,0.99374,3.35,0.76,11.6,red
9.6,0.54,0.42,2.4,0.081,25.0,52.0,0.997,3.2,0.71,11.4,red
7.7,0.17,0.52,5.9,0.017,21.0,84.0,0.9929,3.14,0.4,11.9,white
7.7,0.28,0.33,6.7,0.037,32.0,155.0,0.9951,3.39,0.62,10.7,white
6.8,0.18,0.28,9.8,0.039,29.0,113.0,0.99406,3.11,0.45,10.9,white
5.4,0.23,0.36,1.5,0.03,74.0,121.0,0.98976,3.24,0.99,12.1,white
5.0,0.38,0.01,1.6,0.048,26.0,60.0,0.99084,3.7,0.75,14.0,white
9.9,0.74,0.28,2.6,0.078,21.0,77.0,0.998,3.28,0.51,9.8,red
6.3,0.32,0.17,17.75,0.06,51.0,190.0,0.99916,3.13,0.48,8.8,white
6.5,0.34,0.28,1.8,0.041,43.0,188.0,0.9928,3.13,0.37,9.6,white
5.6,0.19,0.26,1.4,0.03,12.0,76.0,0.9905,3.25,0.37,10.9,white
6.8,0.48,0.08,1.8,0.074,40.0,64.0,0.99529,3.12,0.49,9.6,red
5.8,0.13,0.22,12.7,0.058,24.0,183.0,0.9956,3.32,0.42,11.7,white
6.2,0.7,0.15,5.1,0.076,13.0,27.0,0.99622,3.54,0.6,11.9,red
6.8,0.39,0.31,14.35,0.043,28.0,162.0,0.9988,3.17,0.54,9.1,white
6.7,0.31,0.33,2.0,0.033,12.0,74.0,0.99064,3.29,0.65,12.5,white
5.9,0.61,0.08,2.1,0.071,16.0,24.0,0.99376,3.56,0.77,11.1,red
6.7,0.86,0.07,2.0,0.1,20.0,57.0,0.99598,3.6,0.74,11.7,red
7.2,0.56,0.26,2.0,0.083,13.0,100.0,0.99586,3.26,0.52,9.9,red
7.7,0.75,0.27,3.8,0.11,34.0,89.0,0.99664,3.24,0.45,9.3,red
11.2,0.67,0.55,2.3,0.084,6.0,13.0,1.0,3.17,0.71,9.5,red
7.3,0.19,0.27,13.9,0.057,45.0,155.0,0.99807,2.94,0.41,8.8,white
6.1,0.32,0.37,1.8,0.051,13.0,200.0,0.9945,3.49,0.44,10.5,white
8.1,0.31,0.24,1.6,0.032,10.0,67.0,0.9924,3.08,0.47,10.5,white
6.4,0.14,0.31,1.2,0.034,53.0,138.0,0.99084,3.38,0.35,11.5,white
6.5,0.67,0.0,4.3,0.057,11.0,20.0,0.99488,3.45,0.56,11.8,red
7.8,0.2,0.24,1.6,0.026,26.0,189.0,0.991,3.08,0.74,12.1,white
7.4,0.39,0.48,2.0,0.082,14.0,67.0,0.9972,3.34,0.55,9.2,red
6.6,0.28,0.34,0.8,0.037,42.0,119.0,0.9888,3.03,0.37,12.5,white
7.8,0.27,0.33,2.4,0.053,36.0,175.0,0.992,3.2,0.55,11.0,white
5.1,0.39,0.21,1.7,0.027,15.0,72.0,0.9894,3.5,0.45,12.5,red
9.2,0.43,0.49,2.4,0.086,23.0,116.0,0.9976,3.23,0.64,9.5,red
5.2,0.25,0.23,1.4,0.047,20.0,77.0,0.99001,3.32,0.62,11.4,white
7.1,0.16,0.36,1.2,0.043,21.0,90.0,0.9925,3.16,0.42,11.0,white
7.9,0.46,0.32,4.1,0.033,40.0,138.0,0.9912,3.18,0.44,12.8,white
7.1,0.48,0.28,2.8,0.068,6.0,16.0,0.99682,3.24,0.53,10.3,red
8.7,0.63,0.28,2.7,0.096,17.0,69.0,0.99734,3.26,0.63,10.2,red
9.9,0.5,0.5,13.8,0.205,48.0,82.0,1.00242,3.16,0.75,8.8,red
7.8,0.445,0.56,1.0,0.04,8.0,84.0,0.9938,3.25,0.43,10.8,white
7.0,0.2,0.31,8.0,0.05,29.0,213.0,0.99596,3.28,0.57,10.4,white
6.7,0.24,0.36,8.4,0.042,42.0,123.0,0.99473,3.34,0.52,10.9,white
6.3,0.26,0.42,7.1,0.045,62.0,209.0,0.99544,3.2,0.53,9.5,white
12.7,0.59,0.45,2.3,0.082,11.0,22.0,1.0,3.0,0.7,9.3,red
6.1,0.64,0.02,2.4,0.069,26.0,46.0,0.99358,3.47,0.45,11.0,red
7.9,0.58,0.23,2.3,0.076,23.0,94.0,0.99686,3.21,0.58,9.5,red
7.3,0.2,0.44,1.4,0.045,21.0,98.0,0.9924,3.15,0.46,10.0,white
7.2,0.19,0.27,11.2,0.061,46.0,149.0,0.99772,2.99,0.59,9.3,white
8.9,0.48,0.24,2.85,0.094,35.0,106.0,0.9982,3.1,0.53,9.2,red
7.8,0.42,0.23,8.8,0.054,42.0,215.0,0.9971,3.02,0.58,9.2,white
6.7,0.855,0.02,1.9,0.064,29.0,38.0,0.99472,3.3,0.56,10.75,red
6.1,0.28,0.23,4.2,0.038,13.0,95.0,0.98898,2.97,0.7,13.1,white
5.6,0.49,0.13,4.5,0.039,17.0,116.0,0.9907,3.42,0.9,13.7,white
10.8,0.29,0.42,1.6,0.084,19.0,27.0,0.99545,3.28,0.73,11.9,red
6.8,0.18,0.28,9.8,0.039,29.0,113.0,0.99406,3.11,0.45,10.9,white
7.0,0.25,0.32,9.0,0.046,56.0,245.0,0.9955,3.25,0.5,10.4,white
8.1,0.78,0.23,2.6,0.059,5.0,15.0,0.997,3.37,0.56,11.3,red
5.7,0.39,0.25,4.9,0.033,49.0,113.0,0.98966,3.26,0.58,13.1,white
7.3,0.22,0.41,15.4,0.05,55.0,191.0,1.0,3.32,0.59,8.9,white
6.6,0.28,0.42,8.2,0.044,60.0,196.0,0.99562,3.14,0.48,9.4,white
7.9,0.33,0.23,1.7,0.077,18.0,45.0,0.99625,3.29,0.65,9.3,red
7.8,0.39,0.26,9.9,0.059,33.0,181.0,0.9955,3.04,0.42,10.9,white
6.6,0.32,0.34,7.7,0.044,63.0,212.0,0.99526,3.22,0.48,9.7,white
7.8,0.27,0.58,11.2,0.036,44.0,161.0,0.9977,3.06,0.41,8.9,white
7.7,0.39,0.12,1.7,0.097,19.0,27.0,0.99596,3.16,0.49,9.4,red
7.6,0.3,0.42,2.0,0.052,6.0,24.0,0.9963,3.44,0.82,11.9,red
8.2,1.33,0.0,1.7,0.081,3.0,12.0,0.9964,3.53,0.49,10.9,red
9.2,0.23,0.35,10.7,0.037,34.0,145.0,0.9981,3.09,0.32,9.7,white
6.2,0.25,0.39,1.3,0.051,42.0,135.0,0.9906,3.23,0.4,11.1,white
7.2,0.63,0.0,1.9,0.097,14.0,38.0,0.99675,3.37,0.58,9.0,red
7.2,0.34,0.28,10.4,0.108,43.0,187.0,0.99738,2.96,0.57,9.4,white
7.2,0.28,0.38,2.0,0.052,23.0,156.0,0.9912,3.13,0.52,11.1,white
6.0,0.28,0.27,2.3,0.051,23.0,147.0,0.994,3.23,0.67,10.3,white
6.3,0.27,0.46,11.75,0.037,61.0,212.0,0.9971,3.25,0.53,9.5,white
8.1,0.29,0.49,7.1,0.042,22.0,124.0,0.9944,3.14,0.41,10.8,white
7.1,0.33,0.3,3.3,0.034,30.0,102.0,0.9912,3.08,0.31,12.3,white
7.7,0.18,0.53,1.2,0.041,42.0,167.0,0.9908,3.11,0.44,11.9,white
11.2,0.4,0.5,2.0,0.099,19.0,50.0,0.99783,3.1,0.58,10.4,red
7.8,0.56,0.12,2.0,0.082,7.0,28.0,0.997,3.37,0.5,9.4,red
9.8,0.25,0.74,10.0,0.056,36.0,225.0,0.9977,3.06,0.43,10.0,white
7.4,0.47,0.46,2.2,0.114,7.0,20.0,0.99647,3.32,0.63,10.5,red
7.6,0.16,0.44,1.4,0.043,25.0,109.0,0.9932,3.11,0.75,10.3,white
6.5,0.26,0.32,16.5,0.045,44.0,166.0,1.0,3.38,0.46,9.5,white
5.8,0.2,0.27,1.4,0.031,12.0,77.0,0.9905,3.25,0.36,10.9,white
7.0,0.32,0.24,6.2,0.048,31.0,228.0,0.9957,3.23,0.62,9.4,white
5.7,0.37,0.3,1.1,0.029,24.0,88.0,0.98883,3.18,0.39,11.7,white
6.5,0.19,0.26,5.2,0.04,31.0,140.0,0.995,3.26,0.68,9.5,white
9.8,0.31,0.49,15.4,0.046,13.0,119.0,1.0004,3.18,0.45,9.5,white
7.6,0.21,0.44,1.9,0.036,10.0,119.0,0.9913,3.01,0.7,12.8,white
7.1,0.14,0.33,1.0,0.104,20.0,54.0,0.99057,3.19,0.64,11.5,white
5.9,0.55,0.1,2.2,0.062,39.0,51.0,0.99512,3.52,0.76,11.2,red
6.6,0.54,0.21,16.3,0.055,41.0,182.0,0.9986,3.35,0.54,10.4,white
10.0,0.29,0.4,2.9,0.098,10.0,26.0,1.0006,3.48,0.91,9.7,red
8.3,0.26,0.31,2.0,0.029,14.0,141.0,0.99077,2.95,0.77,12.2,white
7.3,0.67,0.02,2.2,0.072,31.0,92.0,0.99566,3.32,0.68,11.0666666666667,red
6.4,0.31,0.4,6.4,0.039,39.0,191.0,0.99513,3.14,0.52,9.8,white
6.5,0.18,0.33,1.4,0.029,35.0,138.0,0.99114,3.36,0.6,11.5,white
7.6,0.34,0.39,7.6,0.04,45.0,215.0,0.9965,3.11,0.53,9.2,white
6.4,0.3,0.51,5.5,0.048,62.0,172.0,0.9942,3.08,0.45,9.1,white
7.3,0.29,0.29,4.6,0.029,27.0,155.0,0.9931,3.07,0.26,10.6,white
9.2,0.28,0.49,11.8,0.042,29.0,137.0,0.998,3.1,0.34,10.1,white
6.8,0.28,0.4,22.0,0.048,48.0,167.0,1.001,2.93,0.5,8.7,white
7.8,0.87,0.26,3.8,0.107,31.0,67.0,0.99668,3.26,0.46,9.2,red
6.8,0.25,0.27,10.7,0.076,47.0,154.0,0.9967,3.05,0.38,9.0,white
7.1,0.52,0.03,2.6,0.076,21.0,92.0,0.99745,3.5,0.6,9.8,red
7.1,0.18,0.49,1.3,0.033,12.0,72.0,0.99072,3.05,0.53,11.3,white
6.8,0.23,0.31,2.8,0.047,40.0,122.0,0.99126,3.06,0.64,10.9,white
8.0,0.14,0.33,1.2,0.045,71.0,162.0,0.9914,3.07,0.47,11.0,white
7.5,0.2,0.49,1.3,0.031,8.0,97.0,0.9918,3.06,0.62,11.1,white
6.6,0.325,0.49,7.7,0.049,53.0,217.0,0.996,3.16,0.4,9.3,white
7.9,0.2,0.35,1.7,0.054,7.0,15.0,0.99458,3.32,0.8,11.9,red
9.3,0.5,0.36,1.8,0.084,6.0,17.0,0.99704,3.27,0.77,10.8,red
7.3,0.69,0.32,2.2,0.069,35.0,104.0,0.99632,3.33,0.51,9.5,red
6.9,0.56,0.03,1.5,0.086,36.0,46.0,0.99522,3.53,0.57,10.6,red
6.4,0.17,0.27,6.7,0.036,88.0,223.0,0.9948,3.28,0.35,10.2,white
8.5,0.18,0.51,1.75,0.071,45.0,88.0,0.99524,3.33,0.76,11.8,red
7.5,0.42,0.32,2.7,0.067,7.0,25.0,0.99628,3.24,0.44,10.4,red
6.9,0.24,0.4,15.4,0.052,81.0,198.0,0.9986,3.2,0.69,9.4,white
7.9,0.14,0.28,1.8,0.041,44.0,178.0,0.9954,3.45,0.43,9.2,white
7.7,0.28,0.39,8.9,0.036,8.0,117.0,0.9935,3.06,0.38,12.0,white
13.2,0.38,0.55,2.7,0.081,5.0,16.0,1.0006,2.98,0.54,9.4,red
9.8,0.51,0.19,3.2,0.081,8.0,30.0,0.9984,3.23,0.58,10.5,red
5.0,0.24,0.21,2.2,0.039,31.0,100.0,0.99098,3.69,0.62,11.7,white
7.2,0.62,0.06,2.5,0.078,17.0,84.0,0.99746,3.51,0.53,9.7,red
6.2,0.31,0.26,4.8,0.037,36.0,148.0,0.9928,3.21,0.41,10.4,white
8.3,0.26,0.42,2.0,0.08,11.0,27.0,0.9974,3.21,0.8,9.4,red
6.7,0.25,0.26,13.5,0.06,50.0,156.0,0.99784,3.39,0.46,9.9,white
5.9,0.645,0.12,2.0,0.075,32.0,44.0,0.99547,3.57,0.71,10.2,red
6.6,0.28,0.23,10.4,0.049,45.0,190.0,0.99754,3.12,0.51,8.8,white
7.0,0.62,0.1,1.4,0.071,27.0,63.0,0.996,3.28,0.61,9.2,red
4.2,0.215,0.23,5.1,0.041,64.0,157.0,0.99688,3.42,0.44,8.0,white
6.4,0.25,0.57,1.0,0.062,21.0,122.0,0.99238,3.0,0.4,9.5,white
9.4,0.27,0.53,2.4,0.074,6.0,18.0,0.9962,3.2,1.13,12.0,red
7.4,0.66,0.0,1.8,0.075,13.0,40.0,0.9978,3.51,0.56,9.4,red
11.4,0.36,0.69,2.1,0.09,6.0,21.0,1.0,3.17,0.62,9.2,red
7.0,0.62,0.18,1.5,0.062,7.0,50.0,0.9951,3.08,0.6,9.3,red
9.3,0.775,0.27,2.8,0.078,24.0,56.0,0.9984,3.31,0.67,10.6,red
6.2,0.28,0.33,1.7,0.029,24.0,111.0,0.99,3.24,0.5,12.1,white
6.9,0.615,0.42,12.0,0.067,24.0,131.0,0.99727,3.19,0.34,9.3,white
8.1,0.2,0.4,2.0,0.037,19.0,87.0,0.9921,3.12,0.54,11.2,white
8.3,0.6,0.13,2.6,0.085,6.0,24.0,0.9984,3.31,0.59,9.2,red
7.9,0.32,0.51,1.8,0.341,17.0,56.0,0.9969,3.04,1.08,9.2,red
5.0,1.02,0.04,1.4,0.045,41.0,85.0,0.9938,3.75,0.48,10.5,red
7.1,0.28,0.26,2.8,0.039,50.0,118.0,0.9908,3.06,0.59,11.2,white
8.9,0.48,0.53,4.0,0.101,3.0,10.0,0.99586,3.21,0.59,12.1,red
6.7,0.75,0.01,2.4,0.078,17.0,32.0,0.9955,3.55,0.61,12.8,red
7.4,0.22,0.27,1.6,0.057,45.0,98.0,0.99299,3.29,0.44,9.9,white
6.9,0.67,0.06,2.1,0.08,8.0,33.0,0.99845,3.68,0.71,9.6,red
6.4,0.13,0.47,1.6,0.092,40.0,158.0,0.9928,3.21,0.36,9.8,white
11.9,0.39,0.69,2.8,0.095,17.0,35.0,0.9994,3.1,0.61,10.8,red
11.1,0.31,0.53,2.2,0.06,3.0,10.0,0.99572,3.02,0.83,10.9,red
9.4,0.41,0.48,4.6,0.072,10.0,20.0,0.9973,3.34,0.79,12.2,red
8.6,0.47,0.27,2.3,0.055,14.0,28.0,0.99516,3.18,0.8,11.2,red
5.2,0.49,0.26,2.3,0.09,23.0,74.0,0.9953,3.71,0.62,12.2,red
6.8,0.51,0.01,2.1,0.074,9.0,25.0,0.9958,3.33,0.56,9.5,red
7.9,0.33,0.26,1.2,0.044,23.0,103.0,0.9932,3.19,0.54,10.5,white
7.3,0.49,0.1,2.6,0.068,4.0,14.0,0.99562,3.3,0.47,10.5,red
6.2,0.28,0.27,10.3,0.03,26.0,108.0,0.99388,3.2,0.36,10.7,white
7.8,0.43,0.49,13.0,0.033,37.0,158.0,0.9955,3.14,0.35,11.3,white
7.8,0.32,0.31,1.7,0.036,46.0,195.0,0.993,3.03,0.48,10.5,white
5.6,0.66,0.0,2.2,0.087,3.0,11.0,0.99378,3.71,0.63,12.8,red
7.3,0.44,0.2,1.6,0.049,24.0,64.0,0.9935,3.38,0.57,11.7,red
6.9,0.765,0.18,2.4,0.243,5.5,48.0,0.99612,3.4,0.6,10.3,red
9.2,0.19,0.42,2.0,0.047,16.0,104.0,0.99517,3.09,0.66,10.0,white
6.3,0.17,0.32,4.2,0.04,37.0,117.0,0.99182,3.24,0.43,11.3,white
15.6,0.685,0.76,3.7,0.1,6.0,43.0,1.0032,2.95,0.68,11.2,red
5.6,0.66,0.0,2.5,0.066,7.0,15.0,0.99256,3.52,0.58,12.9,red
7.3,0.17,0.24,8.1,0.121,32.0,162.0,0.99508,3.17,0.38,10.4,white
7.6,0.78,0.0,1.7,0.076,33.0,45.0,0.99612,3.31,0.62,10.7,red
6.8,0.31,0.3,8.0,0.028,33.0,122.0,0.99164,3.13,0.63,12.6,white
7.6,0.3,0.22,10.2,0.049,57.0,191.0,0.9966,3.08,0.4,9.3,white
6.6,0.22,0.23,17.3,0.047,37.0,118.0,0.99906,3.08,0.46,8.8,white
6.4,0.22,0.32,7.9,0.029,34.0,124.0,0.9948,3.4,0.39,10.2,white
6.4,0.24,0.23,2.0,0.046,30.0,133.0,0.9908,3.12,0.54,11.4,white
6.0,0.27,0.28,4.8,0.063,31.0,201.0,0.9964,3.69,0.71,10.0,white
12.2,0.48,0.54,2.6,0.085,19.0,64.0,1.0,3.1,0.61,10.5,red
6.7,0.37,0.25,2.5,0.028,24.0,84.0,0.9909,3.14,0.36,11.7,white
6.2,0.45,0.73,7.2,0.099,47.0,202.0,0.99582,3.21,0.43,9.2,white
8.2,0.885,0.2,1.4,0.086,7.0,31.0,0.9946,3.11,0.46,10.0,red
5.9,0.29,0.25,13.4,0.067,72.0,160.0,0.99721,3.33,0.54,10.3,white
7.3,0.59,0.26,2.0,0.08,17.0,104.0,0.99584,3.28,0.52,9.9,red
6.4,0.4,0.23,1.6,0.066,5.0,12.0,0.9958,3.34,0.56,9.2,red
7.6,0.22,0.34,9.7,0.035,26.0,143.0,0.9965,3.08,0.49,9.8,white
8.8,0.36,0.44,1.9,0.04,9.0,121.0,0.9953,3.19,0.48,9.9,white
8.8,0.52,0.34,2.7,0.087,24.0,122.0,0.9982,3.26,0.61,9.5,red
7.0,0.12,0.19,4.9,0.055,27.0,127.0,0.9953,3.29,0.41,9.4,red
10.4,0.43,0.5,2.3,0.068,13.0,19.0,0.996,3.1,0.87,11.4,red
7.9,0.57,0.31,2.0,0.079,10.0,79.0,0.99677,3.29,0.69,9.5,red
7.3,0.74,0.08,1.7,0.094,10.0,45.0,0.99576,3.24,0.5,9.8,red
12.7,0.6,0.65,2.3,0.063,6.0,25.0,0.9997,3.03,0.57,9.9,red
7.6,0.68,0.02,1.3,0.072,9.0,20.0,0.9965,3.17,1.08,9.2,red
7.4,0.56,0.09,1.5,0.071,19.0,117.0,0.99496,3.22,0.53,9.8,red
8.3,0.3,0.49,3.8,0.09,11.0,24.0,0.99498,3.27,0.64,12.1,red
7.1,0.26,0.31,2.2,0.044,29.0,128.0,0.9937,3.34,0.64,10.9,white
7.6,0.35,0.46,14.7,0.047,33.0,151.0,0.99709,3.03,0.53,10.3,white
11.5,0.18,0.51,4.0,0.104,4.0,23.0,0.9996,3.28,0.97,10.1,red
8.6,0.37,0.7,12.15,0.039,21.0,158.0,0.9983,3.0,0.73,9.3,white
8.6,0.55,0.09,3.3,0.068,8.0,17.0,0.99735,3.23,0.44,10.0,red
6.9,0.58,0.01,1.9,0.08,40.0,54.0,0.99683,3.4,0.73,9.7,red
8.9,0.565,0.34,3.0,0.093,16.0,112.0,0.9998,3.38,0.61,9.5,red
7.3,0.35,0.24,2.0,0.067,28.0,48.0,0.99576,3.43,0.54,10.0,red
8.0,0.77,0.32,2.1,0.079,16.0,74.0,0.99656,3.27,0.5,9.8,red
11.7,0.49,0.49,2.2,0.083,5.0,15.0,1.0,3.19,0.43,9.2,red
7.8,0.26,0.74,7.5,0.044,59.0,160.0,0.996,3.22,0.64,10.0,white
8.3,0.3,0.36,10.0,0.042,33.0,169.0,0.9982,3.23,0.51,9.3,white
4.9,0.345,0.34,1.0,0.068,32.0,143.0,0.99138,3.24,0.4,10.1,white
7.5,0.52,0.11,1.5,0.079,11.0,39.0,0.9968,3.42,0.58,9.6,red
7.6,0.19,0.42,1.5,0.044,6.0,114.0,0.9914,3.04,0.74,12.8,white
7.9,0.33,0.41,1.5,0.056,6.0,35.0,0.99396,3.29,0.71,11.0,red
6.9,1.09,0.06,2.1,0.061,12.0,31.0,0.9948,3.51,0.43,11.4,red
7.3,0.24,0.34,15.4,0.05,38.0,174.0,0.9983,3.03,0.42,9.0,white
11.3,0.37,0.5,1.8,0.09,20.0,47.0,0.99734,3.15,0.57,10.5,red
7.9,0.3,0.68,8.3,0.05,37.5,278.0,0.99316,3.01,0.51,12.3,white
6.2,0.35,0.2,18.1,0.069,33.0,158.0,0.99908,3.15,0.5,8.8,white
10.7,0.4,0.37,1.9,0.081,17.0,29.0,0.99674,3.12,0.65,11.2,red
6.8,0.18,0.37,1.6,0.055,47.0,154.0,0.9934,3.08,0.45,9.1,white
7.1,0.67,0.0,2.3,0.083,18.0,27.0,0.99768,3.44,0.54,9.4,red
7.9,0.3,0.68,8.3,0.05,37.5,289.0,0.99316,3.01,0.51,12.3,white
6.6,0.28,0.42,8.2,0.044,60.0,196.0,0.99562,3.14,0.48,9.4,white
5.6,0.31,0.78,13.9,0.074,23.0,92.0,0.99677,3.39,0.48,10.5,red
7.4,0.37,0.35,5.7,0.061,12.0,94.0,0.9965,3.48,0.69,10.7,white
7.7,0.43,0.25,2.6,0.073,29.0,63.0,0.99615,3.37,0.58,10.5,red
7.5,0.55,0.24,2.0,0.078,10.0,28.0,0.9983,3.45,0.78,9.5,red
7.7,0.58,0.01,1.8,0.088,12.0,18.0,0.99568,3.32,0.56,10.5,red
6.8,0.64,0.0,2.7,0.123,15.0,33.0,0.99538,3.44,0.63,11.3,red
8.3,0.675,0.26,2.1,0.084,11.0,43.0,0.9976,3.31,0.53,9.2,red
10.2,0.645,0.36,1.8,0.053,5.0,14.0,0.9982,3.17,0.42,10.0,red
6.8,0.28,0.36,7.0,0.043,60.0,207.0,0.99556,3.16,0.49,9.6,white
5.6,0.12,0.33,2.9,0.044,21.0,73.0,0.98896,3.17,0.32,12.9,white
6.6,0.38,0.36,9.2,0.061,42.0,214.0,0.9976,3.31,0.56,9.4,white
6.7,0.15,0.38,1.7,0.037,20.0,84.0,0.99046,3.09,0.53,11.4,white
8.3,0.27,0.45,1.3,0.048,8.0,72.0,0.9944,3.08,0.61,10.3,white
6.8,0.57,0.0,2.5,0.072,32.0,64.0,0.99491,3.43,0.56,11.2,red
10.4,0.44,0.73,6.55,0.074,38.0,76.0,0.999,3.17,0.85,12.0,red
5.6,0.5,0.09,2.3,0.049,17.0,99.0,0.9937,3.63,0.63,13.0,red
5.7,0.245,0.33,1.1,0.049,28.0,150.0,0.9927,3.13,0.42,9.3,white
6.9,0.39,0.24,2.1,0.102,4.0,7.0,0.99462,3.44,0.58,11.4,red
7.6,0.665,0.1,1.5,0.066,27.0,55.0,0.99655,3.39,0.51,9.3,red
7.6,0.32,0.58,16.75,0.05,43.0,163.0,0.9999,3.15,0.54,9.2,white
10.3,0.27,0.56,1.4,0.047,3.0,8.0,0.99471,3.16,0.51,11.8,white
7.5,0.6,0.03,1.8,0.095,25.0,99.0,0.995,3.35,0.54,10.1,red
6.4,0.25,0.32,11.3,0.038,69.0,192.0,0.99573,3.14,0.5,10.2,white
6.0,0.24,0.34,1.0,0.036,52.0,184.0,0.99097,3.44,0.44,11.45,white
7.2,0.6,0.04,2.5,0.076,18.0,88.0,0.99745,3.53,0.55,9.5,red
7.9,0.2,0.49,1.6,0.053,15.0,144.0,0.993,3.16,0.47,10.5,white
5.9,0.46,0.0,1.9,0.077,25.0,44.0,0.99385,3.5,0.53,11.2,red
6.4,0.33,0.3,7.2,0.041,42.0,168.0,0.99331,3.22,0.49,11.1,white
6.7,0.76,0.02,1.8,0.078,6.0,12.0,0.996,3.55,0.63,9.95,red
7.7,0.31,0.26,7.8,0.031,23.0,90.0,0.9944,3.13,0.5,10.4,white
9.9,0.54,0.45,2.3,0.071,16.0,40.0,0.9991,3.39,0.62,9.4,red
8.2,0.56,0.23,3.4,0.078,14.0,104.0,0.9976,3.28,0.62,9.4,red
8.0,0.715,0.22,2.3,0.075,13.0,81.0,0.99688,3.24,0.54,9.5,red
10.5,0.36,0.47,2.2,0.074,9.0,23.0,0.99638,3.23,0.76,12.0,red
5.2,0.16,0.34,0.8,0.029,26.0,77.0,0.99155,3.25,0.51,10.1,white
8.7,0.31,0.21,5.6,0.039,28.0,67.0,0.99328,2.96,0.52,11.0,white
6.4,0.18,0.74,11.9,0.046,54.0,168.0,0.9978,3.58,0.68,10.1,white
9.1,0.76,0.68,1.7,0.414,18.0,64.0,0.99652,2.9,1.33,9.1,red
6.4,0.64,0.21,1.8,0.081,14.0,31.0,0.99689,3.59,0.66,9.8,red
8.5,0.47,0.27,1.9,0.058,18.0,38.0,0.99518,3.16,0.85,11.1,red
8.3,0.28,0.48,2.1,0.093,6.0,12.0,0.99408,3.26,0.62,12.4,red
7.2,0.26,0.38,1.5,0.061,12.0,120.0,0.99192,3.18,0.46,10.4,white
7.2,0.725,0.05,4.65,0.086,4.0,11.0,0.9962,3.41,0.39,10.9,red
7.4,0.63,0.07,2.4,0.09,11.0,37.0,0.9979,3.43,0.76,9.7,red
6.8,0.63,0.07,2.1,0.089,11.0,44.0,0.9953,3.47,0.55,10.4,red
7.3,0.19,0.68,1.5,0.05,31.0,156.0,0.9946,3.32,0.64,9.4,white
6.3,0.76,0.0,2.9,0.072,26.0,52.0,0.99379,3.51,0.6,11.5,red
6.2,0.36,0.38,3.2,0.031,20.0,89.0,0.98956,3.06,0.33,12.0,white
6.9,0.38,0.29,13.65,0.048,52.0,189.0,0.99784,3.0,0.6,9.5,white
8.9,0.24,0.39,1.6,0.074,3.0,10.0,0.99698,3.12,0.59,9.5,red
9.7,0.69,0.32,2.5,0.088,22.0,91.0,0.9979,3.29,0.62,10.1,red
7.4,0.26,0.37,9.4,0.047,42.0,147.0,0.9982,3.46,0.72,10.0,white
6.1,0.38,0.15,1.8,0.072,6.0,19.0,0.9955,3.42,0.57,9.4,red
6.5,0.23,0.25,17.3,0.046,15.0,110.0,0.99828,3.15,0.42,9.2,white
7.1,0.38,0.42,11.8,0.041,32.0,193.0,0.99624,3.04,0.49,10.0,white
5.8,0.28,0.34,2.2,0.037,24.0,125.0,0.98986,3.36,0.33,12.8,white
7.0,0.13,0.37,12.85,0.042,36.0,105.0,0.99581,3.05,0.55,10.7,white
8.1,1.33,0.0,1.8,0.082,3.0,12.0,0.9964,3.54,0.48,10.9,red
10.2,0.54,0.37,15.4,0.214,55.0,95.0,1.00369,3.18,0.77,9.0,red
6.4,0.3,0.27,5.0,0.058,27.0,151.0,0.99198,3.22,0.49,12.2,white
5.1,0.14,0.25,0.7,0.039,15.0,89.0,0.9919,3.22,0.43,9.2,white
6.4,0.29,0.3,6.5,0.209,62.0,156.0,0.99478,3.1,0.4,9.4,white
6.2,0.255,0.27,1.3,0.037,30.0,86.0,0.98834,3.05,0.59,12.9,white
6.2,0.2,0.26,9.7,0.03,39.0,102.0,0.9908,3.08,0.56,12.9,white
6.7,0.53,0.29,4.3,0.069,20.0,114.0,0.99014,3.22,0.59,13.4,red
8.4,0.56,0.04,2.0,0.082,10.0,22.0,0.9976,3.22,0.44,9.6,red
10.5,0.28,0.51,1.7,0.08,10.0,24.0,0.9982,3.2,0.89,9.4,red
7.1,0.53,0.07,1.7,0.071,15.0,24.0,0.9951,3.29,0.66,10.8,red
5.9,0.26,0.25,12.5,0.034,38.0,152.0,0.9977,3.33,0.43,9.4,white
5.0,0.3,0.33,3.7,0.03,54.0,173.0,0.9887,3.36,0.3,13.0,white
7.9,0.14,0.74,1.2,0.028,30.0,165.0,0.991,3.08,0.82,12.3,white
5.0,0.27,0.32,4.5,0.032,58.0,178.0,0.98956,3.45,0.31,12.6,white
7.3,0.51,0.18,2.1,0.07,12.0,28.0,0.99768,3.52,0.73,9.5,red
6.8,0.44,0.2,16.0,0.065,61.0,186.0,0.99884,3.13,0.45,8.6,white
4.8,0.34,0.0,6.5,0.028,33.0,163.0,0.9939,3.36,0.61,9.9,white
7.1,0.36,0.56,1.3,0.046,25.0,102.0,0.9923,3.24,0.33,10.5,white
7.8,0.44,0.28,2.7,0.1,18.0,95.0,0.9966,3.22,0.67,9.4,red
5.7,0.33,0.32,1.4,0.043,28.0,93.0,0.9897,3.31,0.5,12.3,white
6.8,0.26,0.42,1.7,0.049,41.0,122.0,0.993,3.47,0.48,10.5,white
6.2,0.345,0.27,10.1,0.056,38.0,187.0,0.99486,3.31,0.56,10.6,white
6.8,0.22,0.32,5.9,0.054,40.0,152.0,0.9938,3.2,0.57,10.8,white
6.9,0.57,0.0,2.8,0.081,21.0,41.0,0.99518,3.41,0.52,10.8,red
7.8,0.28,0.49,1.3,0.046,27.0,142.0,0.9936,3.09,0.59,10.2,white
7.3,0.32,0.23,2.3,0.066,35.0,70.0,0.99588,3.43,0.62,10.1,red
5.6,0.62,0.03,1.5,0.08,6.0,13.0,0.99498,3.66,0.62,10.1,red
7.3,0.305,0.39,1.2,0.059,7.0,11.0,0.99331,3.29,0.52,11.5,red
6.3,0.41,0.16,0.9,0.032,25.0,98.0,0.99274,3.16,0.42,9.5,white
6.7,0.3,0.44,18.5,0.057,65.0,224.0,0.99956,3.11,0.53,9.1,white
12.4,0.4,0.51,2.0,0.059,6.0,24.0,0.9994,3.04,0.6,9.3,red
5.7,0.25,0.27,10.8,0.05,58.0,116.0,0.99592,3.1,0.5,9.8,white
8.3,0.14,0.45,1.5,0.039,18.0,98.0,0.99215,3.02,0.56,11.0,white
7.5,0.25,0.32,8.2,0.024,53.0,209.0,0.99563,3.12,0.46,10.8,white
8.7,0.7,0.24,2.5,0.226,5.0,15.0,0.9991,3.32,0.6,9.0,red
6.6,0.32,0.26,7.7,0.054,56.0,209.0,0.9961,3.17,0.45,8.8,white
8.5,0.37,0.2,2.8,0.09,18.0,58.0,0.998,3.34,0.7,9.6,red
8.3,0.42,0.38,2.5,0.094,24.0,60.0,0.9979,3.31,0.7,10.8,red
12.3,0.39,0.63,2.3,0.091,6.0,18.0,1.0004,3.16,0.49,9.5,red
12.7,0.6,0.49,2.8,0.075,5.0,19.0,0.9994,3.14,0.57,11.4,red
7.0,0.45,0.34,2.7,0.082,16.0,72.0,0.998,3.55,0.6,9.5,red
8.0,0.6,0.22,2.1,0.08,25.0,105.0,0.99613,3.3,0.49,9.9,red
6.0,0.17,0.33,6.0,0.036,30.0,111.0,0.99362,3.32,0.58,10.1333333333333,white
7.4,0.27,0.26,11.8,0.053,55.0,173.0,0.99699,3.11,0.6,9.8,white
5.8,0.12,0.21,1.3,0.056,35.0,121.0,0.9908,3.32,0.33,11.4,white
9.0,0.785,0.24,1.7,0.078,10.0,21.0,0.99692,3.29,0.67,10.0,red
6.6,0.38,0.29,2.9,0.035,15.0,101.0,0.98916,3.04,0.37,12.5,white
8.7,0.54,0.26,2.5,0.097,7.0,31.0,0.9976,3.27,0.6,9.3,red
6.4,0.35,0.51,7.8,0.055,53.0,177.0,0.99502,3.12,0.45,9.6,white
7.1,0.63,0.06,2.0,0.083,8.0,29.0,0.99855,3.67,0.73,9.6,red
6.9,0.25,0.3,4.1,0.054,23.0,116.0,0.994,2.99,0.38,9.4,white
7.5,0.38,0.48,2.6,0.073,22.0,84.0,0.9972,3.32,0.7,9.6,red
11.1,0.39,0.54,2.7,0.095,21.0,101.0,1.0001,3.13,0.51,9.5,red
6.8,0.14,0.35,1.5,0.047,40.0,117.0,0.99111,3.07,0.72,11.1,white
15.9,0.36,0.65,7.5,0.096,22.0,71.0,0.9976,2.98,0.84,14.9,red
7.5,0.6,0.32,2.7,0.103,13.0,98.0,0.99938,3.45,0.62,9.5,red
7.2,0.34,0.21,2.5,0.075,41.0,68.0,0.99586,3.37,0.54,10.1,red
4.7,0.455,0.18,1.9,0.036,33.0,106.0,0.98746,3.21,0.83,14.0,white
10.7,0.46,0.39,2.0,0.061,7.0,15.0,0.9981,3.18,0.62,9.5,red
10.4,0.55,0.23,2.7,0.091,18.0,48.0,0.9994,3.22,0.64,10.3,red
6.2,0.21,0.18,11.6,0.044,61.0,155.0,0.99655,3.14,0.52,9.4,white
7.0,0.62,0.08,1.8,0.076,8.0,24.0,0.9978,3.48,0.53,9.0,red
9.1,0.45,0.35,2.4,0.08,23.0,78.0,0.9987,3.38,0.62,9.5,red
9.8,0.5,0.49,2.6,0.25,5.0,20.0,0.999,3.31,0.79,10.7,red
10.2,0.34,0.48,2.1,0.052,5.0,9.0,0.99458,3.2,0.69,12.1,red
9.2,0.46,0.23,2.6,0.091,18.0,77.0,0.99922,3.15,0.51,9.4,red
7.5,0.58,0.14,2.2,0.077,27.0,60.0,0.9963,3.28,0.59,9.8,red
6.8,0.64,0.08,9.7,0.062,26.0,142.0,0.9972,3.37,0.46,8.9,white
7.6,0.48,0.37,0.8,0.037,4.0,100.0,0.9902,3.03,0.39,11.4,white
6.1,0.28,0.25,12.9,0.054,34.0,189.0,0.9979,3.25,0.43,9.0,white
9.2,0.31,0.36,2.2,0.079,11.0,31.0,0.99615,3.33,0.86,12.0,red
7.9,0.43,0.21,1.6,0.106,10.0,37.0,0.9966,3.17,0.91,9.5,red
7.3,0.22,0.26,1.5,0.04,32.0,172.0,0.99194,3.27,0.48,11.2,white
7.5,0.27,0.36,7.0,0.036,45.0,164.0,0.9939,3.03,0.33,11.0,white
5.1,0.25,0.36,1.3,0.035,40.0,78.0,0.9891,3.23,0.64,12.1,white
6.9,0.39,0.4,4.6,0.022,5.0,19.0,0.9915,3.31,0.37,12.6,white
8.7,0.84,0.0,1.4,0.065,24.0,33.0,0.9954,3.27,0.55,9.7,red
5.9,0.27,0.29,11.4,0.036,31.0,115.0,0.9949,3.35,0.48,10.5,white
8.7,0.52,0.09,2.5,0.091,20.0,49.0,0.9976,3.34,0.86,10.6,red
5.7,0.36,0.21,6.7,0.038,51.0,166.0,0.9941,3.29,0.63,10.0,white
7.2,0.36,0.46,2.1,0.074,24.0,44.0,0.99534,3.4,0.85,11.0,red
7.3,0.66,0.0,2.0,0.084,6.0,23.0,0.9983,3.61,0.96,9.9,red
6.7,0.26,0.49,8.1,0.052,48.0,197.0,0.99558,3.19,0.48,9.5,white
9.0,0.66,0.17,3.0,0.077,5.0,13.0,0.9976,3.29,0.55,10.4,red
5.8,0.2,0.16,1.4,0.042,44.0,99.0,0.98912,3.23,0.37,12.2,white
7.0,0.15,0.29,16.4,0.058,45.0,110.0,0.9978,3.15,0.37,9.7,white
7.5,0.65,0.18,7.0,0.088,27.0,94.0,0.99915,3.38,0.77,9.4,red
7.3,0.4,0.3,1.7,0.08,33.0,79.0,0.9969,3.41,0.65,9.5,red
7.1,0.2,0.31,6.85,0.053,32.0,211.0,0.99587,3.31,0.59,10.4,white
6.6,0.88,0.04,2.2,0.066,12.0,20.0,0.99636,3.53,0.56,9.9,red
7.2,0.58,0.54,2.1,0.114,3.0,9.0,0.99719,3.33,0.57,10.3,red
7.2,0.48,0.07,5.5,0.089,10.0,18.0,0.99684,3.37,0.68,11.2,red
8.2,0.635,0.1,2.1,0.073,25.0,60.0,0.99638,3.29,0.75,10.9,red
5.8,0.29,0.05,0.8,0.038,11.0,30.0,0.9924,3.36,0.35,9.2,red
6.3,0.28,0.47,11.2,0.04,61.0,183.0,0.99592,3.12,0.51,9.5,white
11.5,0.31,0.51,2.2,0.079,14.0,28.0,0.9982,3.03,0.93,9.8,red
7.7,0.39,0.28,4.9,0.035,36.0,109.0,0.9918,3.19,0.58,12.2,white
5.3,0.395,0.07,1.3,0.035,26.0,102.0,0.992,3.5,0.35,10.6,white
8.7,0.69,0.31,3.0,0.086,23.0,81.0,1.0002,3.48,0.74,11.6,red
6.1,0.105,0.31,1.3,0.037,55.0,145.0,0.9912,3.41,0.41,11.1,white
6.9,0.28,0.27,2.1,0.036,42.0,121.0,0.9926,3.42,0.49,10.8,white
9.6,0.32,0.47,1.4,0.056,9.0,24.0,0.99695,3.22,0.82,10.3,red
7.0,0.745,0.12,1.8,0.114,15.0,64.0,0.99588,3.22,0.59,9.5,red
9.6,0.68,0.24,2.2,0.087,5.0,28.0,0.9988,3.14,0.6,10.2,red
5.1,0.23,0.18,1.0,0.053,13.0,99.0,0.98956,3.22,0.39,11.5,white
7.8,0.6,0.26,2.0,0.08,31.0,131.0,0.99622,3.21,0.52,9.9,red
12.0,0.5,0.59,1.4,0.073,23.0,42.0,0.998,2.92,0.68,10.5,red
8.6,0.38,0.36,3.0,0.081,30.0,119.0,0.997,3.2,0.56,9.4,red
5.3,0.3,0.16,4.2,0.029,37.0,100.0,0.9905,3.3,0.36,11.8,white
7.0,0.29,0.26,1.6,0.044,12.0,87.0,0.9923,3.08,0.46,10.5,white
8.6,0.37,0.65,6.4,0.08,3.0,8.0,0.99817,3.27,0.58,11.0,red
6.5,0.33,0.38,8.3,0.048,68.0,174.0,0.99492,3.14,0.5,9.6,white
9.8,0.37,0.39,2.5,0.079,28.0,65.0,0.99729,3.16,0.59,9.8,red
7.6,0.27,0.52,3.2,0.043,28.0,152.0,0.99129,3.02,0.53,11.4,white
8.7,0.46,0.31,2.5,0.126,24.0,64.0,0.99746,3.1,0.74,9.6,red
8.0,0.28,0.44,1.8,0.081,28.0,68.0,0.99501,3.36,0.66,11.2,red
6.8,0.56,0.22,1.8,0.074,15.0,24.0,0.99438,3.4,0.82,11.2,red
6.8,0.59,0.06,6.0,0.06,11.0,18.0,0.9962,3.41,0.59,10.8,red
6.2,0.24,0.29,13.3,0.039,49.0,130.0,0.9952,3.33,0.46,11.0,white
7.0,0.805,0.0,2.5,0.068,7.0,20.0,0.9969,3.48,0.56,9.6,red
7.4,0.36,0.34,1.8,0.075,18.0,38.0,0.9933,3.38,0.88,13.6,red
9.8,0.36,0.46,10.5,0.038,4.0,83.0,0.9956,2.89,0.3,10.1,white
5.9,0.415,0.13,1.4,0.04,11.0,64.0,0.9922,3.29,0.52,10.5,white
10.0,0.32,0.59,2.2,0.077,3.0,15.0,0.9994,3.2,0.78,9.6,red
7.5,0.77,0.2,8.1,0.098,30.0,92.0,0.99892,3.2,0.58,9.2,red
7.7,0.49,0.26,1.9,0.062,9.0,31.0,0.9966,3.39,0.64,9.6,red
7.4,0.55,0.19,1.8,0.082,15.0,34.0,0.99655,3.49,0.68,10.5,red
7.7,0.3,0.34,1.2,0.048,4.0,119.0,0.99084,3.18,0.34,12.1,white
7.6,0.33,0.35,6.3,0.036,12.0,126.0,0.9924,3.16,0.39,12.0,white
6.8,0.65,0.02,2.1,0.078,8.0,15.0,0.99498,3.35,0.62,10.4,red
7.1,0.75,0.01,2.2,0.059,11.0,18.0,0.99242,3.39,0.4,12.8,red
5.8,0.275,0.3,5.4,0.043,41.0,149.0,0.9926,3.33,0.42,10.8,white
8.7,0.31,0.73,14.35,0.044,27.0,191.0,1.00013,2.96,0.88,8.7,white
11.9,0.695,0.53,3.4,0.128,7.0,21.0,0.9992,3.17,0.84,12.2,red
7.8,0.59,0.33,2.0,0.074,24.0,120.0,0.9968,3.25,0.54,9.4,red
9.8,0.5,0.34,2.3,0.094,10.0,45.0,0.99864,3.24,0.6,9.7,red
7.8,0.53,0.33,2.4,0.08,24.0,144.0,0.99655,3.3,0.6,9.5,red
6.6,0.855,0.02,2.4,0.062,15.0,23.0,0.99627,3.54,0.6,11.0,red
7.0,0.22,0.28,10.6,0.039,32.0,117.0,0.99355,3.05,0.55,11.5,white
6.4,0.145,0.49,5.4,0.048,54.0,164.0,0.9946,3.56,0.44,10.8,white
5.9,0.37,0.1,1.6,0.057,39.0,128.0,0.9924,3.24,0.48,10.1,white
8.6,0.22,0.36,1.9,0.064,53.0,77.0,0.99604,3.47,0.87,11.0,red
8.4,0.665,0.61,2.0,0.112,13.0,95.0,0.997,3.16,0.54,9.1,red
7.0,0.24,0.32,1.3,0.037,39.0,123.0,0.992,3.17,0.42,11.2,white
7.4,0.6,0.26,7.3,0.07,36.0,121.0,0.9982,3.37,0.49,9.4,red
5.3,0.47,0.11,2.2,0.048,16.0,89.0,0.99182,3.54,0.88,13.6,red
7.8,0.49,0.49,7.0,0.043,29.0,149.0,0.9952,3.21,0.33,10.0,white
6.4,0.39,0.21,1.2,0.041,35.0,136.0,0.99225,3.15,0.46,10.2,white
7.0,0.25,0.56,2.0,0.035,20.0,95.0,0.9918,3.23,0.53,11.0,white
6.1,0.34,0.46,4.7,0.029,21.0,94.0,0.991,3.29,0.62,12.3,white
7.0,0.43,0.3,2.0,0.085,6.0,39.0,0.99346,3.33,0.46,11.9,red
9.1,0.22,0.24,2.1,0.078,1.0,28.0,0.999,3.41,0.87,10.3,red
6.8,0.68,0.09,3.9,0.068,15.0,29.0,0.99524,3.41,0.52,11.1,red
11.5,0.35,0.49,3.3,0.07,10.0,37.0,1.0003,3.32,0.91,11.0,red
7.6,0.645,0.03,1.9,0.086,14.0,57.0,0.9969,3.37,0.46,10.3,red
7.1,0.59,0.01,2.5,0.077,20.0,85.0,0.99746,3.55,0.59,9.8,red
7.7,0.6,0.0,2.6,0.055,7.0,13.0,0.99639,3.38,0.56,10.8,red
6.3,0.26,0.21,4.0,0.03,24.0,125.0,0.9915,3.06,0.34,10.7,white
7.3,0.18,0.29,1.2,0.044,12.0,143.0,0.9918,3.2,0.48,11.3,white
6.0,0.35,0.46,0.9,0.033,9.0,65.0,0.98934,3.24,0.35,12.1,white
9.3,0.36,0.39,1.5,0.08,41.0,55.0,0.99652,3.47,0.73,10.9,red
8.9,0.875,0.13,3.45,0.088,4.0,14.0,0.9994,3.44,0.52,11.5,red
6.8,0.16,0.29,10.4,0.046,59.0,143.0,0.99518,3.2,0.4,10.8,white
7.3,0.98,0.05,2.1,0.061,20.0,49.0,0.99705,3.31,0.55,9.7,red
8.5,0.15,0.49,1.5,0.031,17.0,122.0,0.9932,3.03,0.4,10.3,white
7.1,0.38,0.4,2.2,0.042,54.0,201.0,0.99177,3.03,0.5,11.4,white
5.9,0.2,0.28,1.0,0.043,45.0,100.0,0.99033,3.4,0.41,11.4,white
9.4,0.27,0.53,2.4,0.074,6.0,18.0,0.9962,3.2,1.13,12.0,red
8.0,0.22,0.28,14.0,0.053,83.0,197.0,0.9981,3.14,0.45,9.8,white
6.6,0.21,0.29,5.35,0.029,43.0,106.0,0.99112,2.93,0.43,11.5,white
6.7,0.21,0.42,9.1,0.049,31.0,150.0,0.9953,3.12,0.74,9.9,white
7.1,0.35,0.24,15.4,0.055,46.0,198.0,0.9988,3.12,0.49,8.8,white
8.2,0.34,0.37,1.9,0.057,43.0,74.0,0.99408,3.23,0.81,12.0,white
7.2,0.38,0.3,1.8,0.073,31.0,70.0,0.99685,3.42,0.59,9.5,red
5.2,0.21,0.31,1.7,0.048,17.0,61.0,0.98953,3.24,0.37,12.0,white
11.6,0.41,0.54,1.5,0.095,22.0,41.0,0.99735,3.02,0.76,9.9,red
6.3,0.4,0.32,10.6,0.049,38.0,209.0,0.9981,3.47,0.59,9.3,white
7.5,0.52,0.16,1.9,0.085,12.0,35.0,0.9968,3.38,0.62,9.5,red
7.3,0.51,0.26,3.3,0.09,7.0,135.0,0.9944,3.01,0.52,8.8,red
7.2,0.615,0.1,1.4,0.068,25.0,154.0,0.99499,3.2,0.48,9.7,red
5.6,0.32,0.32,8.3,0.043,32.0,105.0,0.99266,3.24,0.47,11.2,white
7.1,0.61,0.02,2.5,0.081,17.0,87.0,0.99745,3.48,0.6,9.7,red
7.4,0.17,0.29,1.4,0.047,23.0,107.0,0.9939,3.52,0.65,10.4,white
7.0,0.12,0.28,6.3,0.057,17.0,103.0,0.9957,3.5,0.44,9.6,white
5.7,1.13,0.09,1.5,0.172,7.0,19.0,0.994,3.5,0.48,9.8,red
7.0,0.24,0.18,1.3,0.046,9.0,62.0,0.994,3.38,0.47,10.1,white
7.6,0.31,0.49,13.4,0.062,50.0,191.0,0.9989,3.22,0.53,9.0,white
8.2,0.68,0.3,2.1,0.047,17.0,138.0,0.995,3.22,0.71,10.8,white
6.9,0.32,0.26,2.3,0.03,11.0,103.0,0.99106,3.06,0.42,11.1,white
10.0,0.46,0.44,2.9,0.065,4.0,8.0,0.99674,3.33,0.62,12.2,red
7.3,0.19,0.27,13.9,0.057,45.0,155.0,0.99807,2.94,0.41,8.8,white
6.1,0.36,0.27,2.1,0.035,16.0,100.0,0.9917,3.4,0.71,11.5,white
10.8,0.45,0.33,2.5,0.099,20.0,38.0,0.99818,3.24,0.71,10.8,red
10.0,0.49,0.2,11.0,0.071,13.0,50.0,1.0015,3.16,0.69,9.2,red
9.4,0.16,0.23,1.6,0.042,14.0,67.0,0.9942,3.07,0.32,9.5,white
8.7,0.765,0.22,2.3,0.064,9.0,42.0,0.9963,3.1,0.55,9.4,red
10.9,0.53,0.49,4.6,0.118,10.0,17.0,1.0002,3.07,0.56,11.7,red
5.7,0.135,0.3,4.6,0.042,19.0,101.0,0.9946,3.31,0.42,9.3,white
12.8,0.615,0.66,5.8,0.083,7.0,42.0,1.0022,3.07,0.73,10.0,red
8.2,0.26,0.44,1.3,0.046,7.0,69.0,0.9944,3.14,0.62,10.2,white
7.4,0.33,0.26,15.6,0.049,67.0,210.0,0.99907,3.06,0.68,9.5,white
8.1,0.575,0.22,2.1,0.077,12.0,65.0,0.9967,3.29,0.51,9.2,red
8.2,0.35,0.4,6.3,0.039,35.0,162.0,0.9936,3.15,0.34,11.9,white
7.3,0.19,0.27,13.9,0.057,45.0,155.0,0.99807,2.94,0.41,8.8,white
7.2,0.635,0.07,2.6,0.077,16.0,86.0,0.99748,3.51,0.54,9.7,red
5.9,0.23,0.28,8.6,0.046,37.0,142.0,0.99432,3.23,0.53,10.6,white
6.6,0.52,0.04,2.2,0.069,8.0,15.0,0.9956,3.4,0.63,9.4,red
7.8,0.19,0.32,7.4,0.015,47.0,124.0,0.99278,2.99,0.39,11.0,white
6.8,0.25,0.3,11.8,0.043,53.0,133.0,0.99524,3.03,0.58,10.4,white
6.7,0.61,0.21,1.65,0.117,40.0,240.0,0.9938,3.11,0.57,9.3,white
5.8,0.27,0.26,3.5,0.071,26.0,69.0,0.98994,3.1,0.38,11.5,white
7.6,0.41,0.33,2.5,0.078,6.0,23.0,0.9957,3.3,0.58,11.2,red
11.1,0.31,0.49,2.7,0.094,16.0,47.0,0.9986,3.12,1.02,10.6,red
7.1,0.59,0.0,2.1,0.091,9.0,14.0,0.99488,3.42,0.55,11.5,red
10.3,0.43,0.44,2.4,0.214,5.0,12.0,0.9994,3.19,0.63,9.5,red
9.8,0.42,0.48,9.85,0.034,5.0,110.0,0.9958,2.87,0.29,10.0,white
7.8,0.2,0.28,10.2,0.054,78.0,186.0,0.997,3.14,0.46,10.0,white
5.0,0.2,0.4,1.9,0.015,20.0,98.0,0.9897,3.37,0.55,12.05,white
5.2,0.155,0.33,1.6,0.028,13.0,59.0,0.98975,3.3,0.84,11.9,white
6.6,0.34,0.4,8.1,0.046,68.0,170.0,0.99494,3.15,0.5,9.53333333333333,white
10.2,0.29,0.49,2.6,0.059,5.0,13.0,0.9976,3.05,0.74,10.5,red
8.6,0.49,0.29,2.0,0.11,19.0,133.0,0.9972,2.93,1.98,9.8,red
10.1,0.43,0.4,2.6,0.092,13.0,52.0,0.99834,3.22,0.64,10.0,red
8.3,0.28,0.48,2.1,0.093,6.0,12.0,0.99408,3.26,0.62,12.4,red
6.8,0.14,0.18,1.4,0.047,30.0,90.0,0.99164,3.27,0.54,11.2,white
7.0,0.43,0.02,1.9,0.08,15.0,28.0,0.99492,3.35,0.81,10.6,red
7.3,0.43,0.24,2.5,0.078,27.0,67.0,0.99648,3.6,0.59,11.1,red
6.4,0.67,0.08,2.1,0.045,19.0,48.0,0.9949,3.49,0.49,11.4,white
6.4,0.57,0.02,1.8,0.067,4.0,11.0,0.997,3.46,0.68,9.5,red
7.0,0.16,0.32,8.3,0.045,38.0,126.0,0.9958,3.21,0.34,9.2,white
7.6,0.21,0.35,1.2,0.041,7.0,106.0,0.9914,3.06,0.45,11.3,white
6.8,0.34,0.44,6.6,0.052,28.0,156.0,0.9955,3.14,0.41,9.6,white
7.0,0.975,0.04,2.0,0.087,12.0,67.0,0.99565,3.35,0.6,9.4,red
6.6,0.13,0.29,13.9,0.056,33.0,95.0,0.99702,3.17,0.39,9.4,white
7.3,0.365,0.49,2.5,0.088,39.0,106.0,0.9966,3.36,0.78,11.0,white
8.6,0.33,0.4,2.6,0.083,16.0,68.0,0.99782,3.3,0.48,9.4,red
6.3,0.68,0.01,3.7,0.103,32.0,54.0,0.99586,3.51,0.66,11.3,red
8.0,0.45,0.28,10.8,0.051,25.0,157.0,0.9957,3.06,0.47,11.4,white
6.8,0.19,0.71,17.5,0.042,21.0,114.0,0.99784,2.85,0.5,9.5,white
6.3,0.29,0.29,3.3,0.037,32.0,140.0,0.9895,3.17,0.36,12.8,white
5.7,0.32,0.38,4.75,0.033,23.0,94.0,0.991,3.42,0.42,11.8,white
7.4,0.24,0.42,14.0,0.066,48.0,198.0,0.9979,2.89,0.42,8.9,white
13.8,0.49,0.67,3.0,0.093,6.0,15.0,0.9986,3.02,0.93,12.0,red
9.9,0.57,0.25,2.0,0.104,12.0,89.0,0.9963,3.04,0.9,10.1,red
7.1,0.59,0.02,2.3,0.082,24.0,94.0,0.99744,3.55,0.53,9.7,red
6.9,0.3,0.25,3.3,0.041,26.0,124.0,0.99428,3.18,0.5,9.3,white
7.1,0.69,0.04,2.1,0.068,19.0,27.0,0.99712,3.44,0.67,9.8,red
11.9,0.58,0.58,1.9,0.071,5.0,18.0,0.998,3.09,0.63,10.0,red
8.8,0.41,0.64,2.2,0.093,9.0,42.0,0.9986,3.54,0.66,10.5,red
6.6,0.285,0.49,11.4,0.035,57.0,137.0,0.99732,3.08,0.54,8.9,white
6.8,0.785,0.0,2.4,0.104,14.0,30.0,0.9966,3.52,0.55,10.7,red
6.5,0.23,0.33,13.8,0.042,25.0,139.0,0.99695,3.35,0.56,10.4,white
6.2,0.39,0.43,2.0,0.071,14.0,24.0,0.99428,3.45,0.87,11.2,red
6.9,0.19,0.35,5.0,0.067,32.0,150.0,0.995,3.36,0.48,9.8,white
7.7,0.715,0.01,2.1,0.064,31.0,43.0,0.99371,3.41,0.57,11.8,red
11.1,0.44,0.42,2.2,0.064,14.0,19.0,0.99758,3.25,0.57,10.4,red
10.0,0.56,0.24,2.2,0.079,19.0,58.0,0.9991,3.18,0.56,10.1,red
6.1,0.15,0.29,6.2,0.046,39.0,151.0,0.99471,3.6,0.44,10.6,white
8.9,0.62,0.19,3.9,0.17,51.0,148.0,0.9986,3.17,0.93,9.2,red
7.2,0.33,0.33,1.7,0.061,3.0,13.0,0.996,3.23,1.1,10.0,red
7.7,0.26,0.32,1.2,0.04,26.0,117.0,0.993,3.21,0.56,10.8,white
12.8,0.615,0.66,5.8,0.083,7.0,42.0,1.0022,3.07,0.73,10.0,red
7.2,0.36,0.36,5.7,0.038,26.0,98.0,0.9914,2.93,0.59,12.5,white
9.2,0.52,1.0,3.4,0.61,32.0,69.0,0.9996,2.74,2.0,9.4,red
7.1,0.34,0.15,1.2,0.053,61.0,183.0,0.9936,3.09,0.43,9.2,white
7.3,0.51,0.18,2.1,0.07,12.0,28.0,0.99768,3.52,0.73,9.5,red
7.6,0.52,0.12,3.0,0.067,12.0,53.0,0.9971,3.36,0.57,9.1,red
6.7,0.28,0.28,2.4,0.012,36.0,100.0,0.99064,3.26,0.39,11.7,red
8.5,0.17,0.49,8.8,0.048,23.0,108.0,0.9947,2.88,0.34,10.5,white
13.0,0.47,0.49,4.3,0.085,6.0,47.0,1.0021,3.3,0.68,12.7,red
6.4,0.28,0.43,7.1,0.045,60.0,221.0,0.9952,3.09,0.45,9.4,white
10.0,0.73,0.43,2.3,0.059,15.0,31.0,0.9966,3.15,0.57,11.0,red
4.6,0.52,0.15,2.1,0.054,8.0,65.0,0.9934,3.9,0.56,13.1,red
6.4,0.18,0.74,11.9,0.046,54.0,168.0,0.9978,3.58,0.68,10.1,white
6.7,0.46,0.24,1.7,0.077,18.0,34.0,0.9948,3.39,0.6,10.6,red
6.3,0.33,0.42,17.2,0.037,57.0,170.0,0.99884,3.26,0.57,9.4,white
